namespace bitmap {
   // 'player', 160x64px
   const unsigned char bitmap_player [] PROGMEM = {
      0x00, 0x00, 0x00, 0x00, 0x00, 0x00, 0x00, 0x00, 0x00, 0x00, 0x00, 0x00,
      0x00, 0x00, 0x00, 0x00, 0x00, 0x00, 0x00, 0x00, 0x00, 0x00, 0x00, 0x00,
      0x00, 0x00, 0x00, 0x00, 0x00, 0x00, 0x00, 0x00, 0x00, 0x00, 0x00, 0x00,
      0x00, 0x00, 0x00, 0x00, 0x00, 0x00, 0x00, 0x00, 0x00, 0x00, 0x00, 0x00,
      0x00, 0x00, 0x00, 0x00, 0x00, 0x00, 0x00, 0x00, 0x00, 0x00, 0x00, 0x00,
      0x00, 0x00, 0x00, 0x00, 0x00, 0x00, 0x00, 0x00, 0x00, 0x00, 0x00, 0x00,
      0x00, 0x00, 0x00, 0x00, 0x00, 0x00, 0x00, 0x00, 0x00, 0x00, 0x00, 0x00,
      0x00, 0x00, 0x00, 0x00, 0x00, 0x00, 0x00, 0x00, 0x00, 0x00, 0x00, 0x00,
      0x00, 0x00, 0x00, 0x00, 0x00, 0x00, 0x00, 0x00, 0x00, 0x00, 0x00, 0x00,
      0x00, 0x00, 0x00, 0x00, 0x00, 0x00, 0x00, 0x00, 0x00, 0x00, 0x00, 0x00,
      0x00, 0x00, 0x00, 0x00, 0x00, 0x00, 0x00, 0x00, 0x00, 0x00, 0x00, 0x00,
      0x00, 0x00, 0x00, 0x00, 0x00, 0x00, 0x00, 0x00, 0x00, 0x00, 0x00, 0x00,
      0x00, 0x00, 0x00, 0x00, 0x00, 0x00, 0x00, 0x00, 0x00, 0x00, 0x00, 0x00,
      0x00, 0x00, 0x00, 0x00, 0x00, 0x00, 0x00, 0x00, 0x80, 0xfd, 0x3f, 0x00,
      0x00, 0x00, 0x00, 0x00, 0x00, 0xfc, 0xbf, 0x01, 0x00, 0x00, 0x00, 0x00,
      0x00, 0x06, 0x60, 0x00, 0x80, 0xff, 0xff, 0x00, 0x80, 0x01, 0x86, 0x01,
      0x00, 0xff, 0xff, 0x01, 0x00, 0x06, 0x60, 0x00, 0x00, 0x06, 0x78, 0x00,
      0x80, 0x07, 0xc0, 0x00, 0x80, 0x03, 0x86, 0x01, 0x00, 0x03, 0xe0, 0x01,
      0x00, 0x1e, 0x60, 0x00, 0x00, 0x06, 0x7c, 0x00, 0x80, 0x1f, 0x80, 0x01,
      0x80, 0x07, 0x86, 0x01, 0x80, 0x01, 0xf8, 0x01, 0x00, 0x3e, 0x60, 0x00,
      0x00, 0x06, 0x7f, 0x00, 0x80, 0x1f, 0x80, 0x01, 0x80, 0x0f, 0x86, 0x01,
      0x80, 0x01, 0xf8, 0x01, 0x00, 0xfe, 0x60, 0x00, 0x00, 0x86, 0x7f, 0x00,
      0x00, 0x00, 0x80, 0x01, 0x80, 0x1f, 0x86, 0x01, 0x80, 0x01, 0x00, 0x00,
      0x00, 0xfe, 0x61, 0x00, 0x00, 0xe6, 0x7f, 0x00, 0x00, 0xb0, 0x8f, 0x01,
      0x80, 0x3f, 0x86, 0x01, 0x80, 0xb1, 0x0f, 0x00, 0x00, 0xfe, 0x67, 0x00,
      0x00, 0xf6, 0x7f, 0x00, 0x80, 0xb1, 0x8d, 0x01, 0x80, 0x7f, 0x86, 0x01,
      0x80, 0xb1, 0x8d, 0x01, 0x00, 0xfe, 0x6f, 0x00, 0x00, 0xf6, 0x7f, 0x00,
      0x80, 0xb1, 0x8d, 0x01, 0x80, 0x7f, 0x86, 0x01, 0x80, 0xb1, 0x8d, 0x01,
      0x00, 0xfe, 0x6f, 0x00, 0x00, 0xe6, 0x7f, 0x00, 0x80, 0xb1, 0x8f, 0x01,
      0x80, 0x3f, 0x86, 0x01, 0x80, 0xb1, 0x8f, 0x01, 0x00, 0xfe, 0x67, 0x00,
      0x00, 0x86, 0x7f, 0x00, 0x80, 0x01, 0x80, 0x01, 0x80, 0x1f, 0x86, 0x01,
      0x80, 0x01, 0x80, 0x01, 0x00, 0xfe, 0x61, 0x00, 0x00, 0x06, 0x7f, 0x00,
      0x80, 0x01, 0x80, 0x01, 0x80, 0x0f, 0x86, 0x01, 0x80, 0x01, 0x80, 0x01,
      0x00, 0xfe, 0x60, 0x00, 0x00, 0x06, 0x7c, 0x00, 0x80, 0x01, 0x80, 0x01,
      0x80, 0x07, 0x86, 0x01, 0x80, 0x01, 0x80, 0x01, 0x00, 0x3e, 0x60, 0x00,
      0x00, 0x06, 0x78, 0x00, 0x00, 0x03, 0xc0, 0x00, 0x80, 0x03, 0x86, 0x01,
      0x00, 0x03, 0xc0, 0x00, 0x00, 0x1e, 0x60, 0x00, 0x00, 0x06, 0x60, 0x00,
      0x00, 0xff, 0xff, 0x00, 0x80, 0x01, 0x86, 0x01, 0x00, 0xff, 0xff, 0x00,
      0x00, 0x06, 0x60, 0x00, 0x00, 0x00, 0x00, 0x00, 0x00, 0xfc, 0x3f, 0x00,
      0x00, 0x00, 0x00, 0x00, 0x00, 0xfc, 0x3f, 0x00, 0x00, 0x00, 0x00, 0x00,
      0x00, 0x00, 0x00, 0x00, 0x00, 0x00, 0x00, 0x00, 0x00, 0x00, 0x00, 0x00,
      0x00, 0x00, 0x00, 0x00, 0x00, 0x00, 0x00, 0x00, 0x00, 0x00, 0x00, 0x00,
      0x00, 0x00, 0x00, 0x00, 0x00, 0x00, 0x00, 0x00, 0x00, 0x00, 0x00, 0x00,
      0x00, 0x00, 0x00, 0x00, 0x00, 0x00, 0x00, 0x00, 0x00, 0x00, 0x00, 0x00,
      0x00, 0x00, 0x00, 0x00, 0x00, 0x00, 0x00, 0x00, 0x00, 0x00, 0x00, 0x00,
      0x00, 0x00, 0x00, 0x00, 0x00, 0x00, 0x00, 0x00, 0x00, 0x00, 0x00, 0x00,
      0x00, 0x00, 0x00, 0x00, 0x00, 0x00, 0x00, 0x00, 0x00, 0x00, 0x00, 0x00,
      0x00, 0x00, 0x00, 0x00, 0x00, 0x00, 0x00, 0x00, 0x00, 0x00, 0x00, 0x00,
      0x00, 0x00, 0x00, 0x00, 0x00, 0x00, 0x00, 0x00, 0x00, 0x00, 0x00, 0x00,
      0x00, 0x00, 0x00, 0x00, 0x00, 0x00, 0x00, 0x00, 0x00, 0x00, 0x00, 0x00,
      0x00, 0x00, 0x00, 0x00, 0x00, 0x00, 0x00, 0x00, 0x00, 0x00, 0x00, 0x00,
      0x00, 0x00, 0x00, 0x00, 0x00, 0x00, 0x00, 0x00, 0x00, 0x00, 0x00, 0x00,
      0x00, 0x00, 0x00, 0x00, 0x00, 0x00, 0x00, 0x00, 0x00, 0x00, 0x00, 0x00,
      0x00, 0x00, 0x00, 0x00, 0x00, 0x00, 0x00, 0x00, 0x00, 0x00, 0x00, 0x00,
      0x00, 0x00, 0x00, 0x00, 0x00, 0x00, 0x00, 0x00, 0x00, 0x00, 0x00, 0x00,
      0x00, 0x00, 0x00, 0x00, 0x00, 0x00, 0x00, 0x00, 0x00, 0x00, 0x00, 0x00,
      0x00, 0x00, 0x00, 0x00, 0x00, 0x00, 0x00, 0x00, 0x00, 0x00, 0x00, 0x00,
      0x00, 0x00, 0x00, 0x00, 0x00, 0x00, 0x00, 0x00, 0x00, 0x00, 0x00, 0x00,
      0x00, 0x00, 0x00, 0x00, 0x00, 0x00, 0x00, 0x00, 0x00, 0x00, 0x00, 0x00,
      0x00, 0x00, 0x00, 0x00, 0x00, 0x00, 0x00, 0x00, 0x00, 0x00, 0x00, 0x00,
      0x00, 0x00, 0x00, 0x00, 0x00, 0x00, 0x00, 0x00, 0x00, 0x00, 0x00, 0x00,
      0x00, 0x00, 0x00, 0x00, 0x00, 0x00, 0x00, 0x00, 0x00, 0x00, 0x00, 0x00,
      0x00, 0x00, 0x00, 0x00, 0x00, 0x00, 0x00, 0x00, 0x00, 0x00, 0x00, 0x00,
      0x00, 0x00, 0x00, 0x00, 0x00, 0x00, 0x00, 0x00, 0x00, 0x00, 0x00, 0x00,
      0x00, 0x00, 0x00, 0x00, 0x00, 0x00, 0x00, 0x00, 0x00, 0x00, 0x00, 0x00,
      0x00, 0x00, 0x00, 0x00, 0x00, 0x00, 0x40, 0x00, 0x00, 0x00, 0x00, 0x00,
      0x00, 0x00, 0x00, 0x00, 0x00, 0x00, 0x00, 0x00, 0x00, 0x00, 0x00, 0x00,
      0x00, 0x00, 0xc0, 0x00, 0x00, 0x80, 0x01, 0x00, 0x00, 0xfc, 0x3f, 0x00,
      0x00, 0x00, 0x00, 0x00, 0x00, 0x00, 0x00, 0x00, 0x80, 0x1f, 0xf8, 0x01,
      0x00, 0xc0, 0x01, 0x00, 0x00, 0xff, 0xff, 0x00, 0x00, 0x00, 0x00, 0x00,
      0x00, 0x00, 0x00, 0x00, 0x80, 0x7f, 0xfc, 0x01, 0x00, 0xe0, 0x01, 0x00,
      0x00, 0x03, 0xc0, 0x00, 0x00, 0x00, 0x00, 0x00, 0x00, 0x00, 0x00, 0x00,
      0x00, 0xf0, 0xcd, 0x00, 0x00, 0xf0, 0x81, 0x01, 0x80, 0x01, 0x80, 0x01,
      0x00, 0x00, 0x00, 0x00, 0x00, 0x00, 0x00, 0x00, 0x00, 0xc0, 0x45, 0x00,
      0x80, 0xff, 0x81, 0x01, 0x80, 0x01, 0x80, 0x01, 0x00, 0x00, 0x00, 0x00,
      0x00, 0x00, 0x00, 0x00, 0x00, 0x80, 0x01, 0x00, 0x80, 0xff, 0x99, 0x01,
      0x80, 0x01, 0x80, 0x01, 0x00, 0x00, 0x00, 0x00, 0x00, 0x00, 0x00, 0x00,
      0x00, 0x80, 0x01, 0x00, 0x80, 0xff, 0x99, 0x01, 0x80, 0x01, 0x80, 0x01,
      0x00, 0x00, 0x00, 0x00, 0x00, 0x00, 0x00, 0x00, 0x00, 0x80, 0x01, 0x00,
      0x80, 0xff, 0x99, 0x01, 0x80, 0x01, 0x80, 0x01, 0x00, 0x00, 0x00, 0x00,
      0x00, 0x00, 0x00, 0x00, 0x00, 0x80, 0x01, 0x00, 0x80, 0xff, 0x99, 0x01,
      0x80, 0x01, 0x80, 0x01, 0x00, 0x00, 0x00, 0x00, 0x00, 0x00, 0x00, 0x00,
      0x00, 0x80, 0x01, 0x00, 0x80, 0xff, 0x99, 0x01, 0x80, 0x01, 0x80, 0x01,
      0x00, 0x00, 0x00, 0x00, 0x00, 0x00, 0x00, 0x00, 0x00, 0x80, 0x01, 0x00,
      0x80, 0xff, 0x99, 0x01, 0x80, 0x01, 0x80, 0x01, 0x00, 0x00, 0x00, 0x00,
      0x00, 0x00, 0x00, 0x00, 0x00, 0xa0, 0x43, 0x00, 0x80, 0xff, 0x81, 0x01,
      0x80, 0x01, 0x80, 0x01, 0x00, 0x00, 0x00, 0x00, 0x00, 0x00, 0x00, 0x00,
      0x00, 0xb0, 0xcf, 0x00, 0x00, 0xf0, 0x81, 0x01, 0x80, 0x01, 0x8c, 0x01,
      0x00, 0x00, 0x00, 0x00, 0x00, 0x00, 0x00, 0x00, 0x80, 0x3f, 0xfe, 0x01,
      0x00, 0xe0, 0x01, 0x00, 0x00, 0x03, 0xc6, 0x00, 0x00, 0x00, 0x00, 0x00,
      0x00, 0x00, 0x00, 0x00, 0x80, 0x1f, 0xf8, 0x01, 0x00, 0xc0, 0x01, 0x00,
      0x00, 0x3f, 0xff, 0x00, 0x00, 0x00, 0x00, 0x00, 0x00, 0x00, 0x00, 0x00,
      0x00, 0x00, 0xc0, 0x00, 0x00, 0x80, 0x01, 0x00, 0x00, 0xbc, 0x3f, 0x00,
      0x00, 0x00, 0x00, 0x00, 0x00, 0x00, 0x00, 0x00, 0x00, 0x00, 0x40, 0x00,
      0x00, 0x00, 0x00, 0x00, 0x00, 0x00, 0x00, 0x00, 0x00, 0x00, 0x00, 0x00,
      0x00, 0x00, 0x00, 0x00, 0x00, 0x00, 0x00, 0x00, 0x00, 0x00, 0x00, 0x00,
      0x00, 0x00, 0x00, 0x00, 0x00, 0x00, 0x00, 0x00, 0x00, 0x00, 0x00, 0x00,
      0x00, 0x00, 0x00, 0x00, 0x00, 0x00, 0x00, 0x00, 0x00, 0x00, 0x00, 0x00,
      0x00, 0x00, 0x00, 0x00, 0x00, 0x00, 0x00, 0x00, 0x00, 0x00, 0x00, 0x00,
      0x00, 0x00, 0x00, 0x00, 0x00, 0x00, 0x00, 0x00, 0x00, 0x00, 0x00, 0x00,
      0x00, 0x00, 0x00, 0x00, 0x00, 0x00, 0x00, 0x00, 0x00, 0x00, 0x00, 0x00,
      0x00, 0x00, 0x00, 0x00, 0x00, 0x00, 0x00, 0x00, 0x00, 0x00, 0x00, 0x00,
      0x00, 0x00, 0x00, 0x00, 0x00, 0x00, 0x00, 0x00, 0x00, 0x00, 0x00, 0x00,
      0x00, 0x00, 0x00, 0x00, 0x00, 0x00, 0x00, 0x00, 0x00, 0x00, 0x00, 0x00,
      0x00, 0x00, 0x00, 0x00, 0x00, 0x00, 0x00, 0x00, 0x00, 0x00, 0x00, 0x00,
      0x00, 0x00, 0x00, 0x00, 0x00, 0x00, 0x00, 0x00, 0x00, 0x00, 0x00, 0x00,
      0x00, 0x00, 0x00, 0x00, 0x00, 0x00, 0x00, 0x00
   };

   const unsigned char arirang[] PROGMEM {
      0x00, 0x00, 0x00, 0x00, 0x00, 0x00, 0x00, 0x00, 0x00, 0x00, 0x00, 0x00,
      0x00, 0x00, 0x00, 0x00, 0x00, 0x00, 0x00, 0x00, 0x00, 0x00, 0x00, 0x00,
      0x00, 0x00, 0x00, 0x00, 0x00, 0x00, 0x00, 0x00, 0x00, 0x00, 0x00, 0x00,
      0x00, 0x00, 0x00, 0x00, 0x00, 0x00, 0x00, 0x00, 0x00, 0x00, 0x00, 0x00,
      0x00, 0x00, 0x00, 0x00, 0x00, 0x00, 0x00, 0x00, 0x00, 0x00, 0x00, 0x00,
      0x00, 0x00, 0x00, 0x00, 0x00, 0x00, 0x00, 0x00, 0x00, 0x00, 0x00, 0x00,
      0x00, 0x00, 0x00, 0x00, 0x00, 0x00, 0x00, 0x00, 0x00, 0x00, 0x00, 0x00,
      0x00, 0x00, 0x00, 0x00, 0x00, 0x00, 0x00, 0x00, 0x00, 0x00, 0x00, 0x00,
      0x00, 0x00, 0x00, 0x00, 0x00, 0x00, 0x00, 0x00, 0x00, 0x00, 0x00, 0x00,
      0x00, 0x00, 0x00, 0x00, 0x00, 0x00, 0x00, 0x00, 0x00, 0x00, 0x00, 0x00,
      0xf8, 0xff, 0xff, 0xfd, 0xff, 0xff, 0xff, 0xff, 0xff, 0x7f, 0xff, 0xff,
      0xff, 0xff, 0xff, 0xf7, 0xff, 0xf7, 0xbd, 0xbf, 0xff, 0xff, 0xff, 0xff,
      0xff, 0xff, 0xff, 0xff, 0xff, 0x1f, 0xa8, 0xaa, 0x92, 0x56, 0x55, 0x55,
      0x55, 0xaa, 0x4a, 0xd5, 0xaa, 0x54, 0xa5, 0x4a, 0x55, 0xad, 0xaa, 0x2c,
      0x6b, 0xd5, 0xaa, 0xaa, 0xaa, 0xaa, 0x2a, 0xa9, 0xaa, 0xaa, 0xaa, 0x1a,
      0xf8, 0x7f, 0x6d, 0xdb, 0xb6, 0xf7, 0xbb, 0xdb, 0x76, 0xab, 0x6d, 0xdb,
      0xda, 0xb6, 0xb6, 0xba, 0x6d, 0xdb, 0xaa, 0xad, 0xb6, 0xdd, 0xdd, 0xdf,
      0xdb, 0xee, 0x76, 0xbf, 0xd5, 0x36, 0xa8, 0xaa, 0xdb, 0xb6, 0xed, 0x5a,
      0xef, 0xb6, 0xdd, 0xbe, 0xb6, 0xb7, 0xb7, 0xed, 0xed, 0xd7, 0xda, 0xb6,
      0x6d, 0xbb, 0x6d, 0x6b, 0x6b, 0xb5, 0xb6, 0x5b, 0xdb, 0xd5, 0xbe, 0x2d,
      0x70, 0xef, 0xb6, 0x6d, 0x5b, 0xef, 0xb5, 0x6d, 0xab, 0xd5, 0xed, 0xda,
      0x5a, 0x5b, 0x5b, 0xb5, 0xb7, 0x6d, 0xdb, 0xd6, 0xda, 0xde, 0xde, 0xee,
      0x6d, 0xf5, 0xb6, 0xbf, 0xd5, 0x1b, 0xd0, 0xb5, 0x6d, 0xdb, 0xf6, 0x5d,
      0x6b, 0xdb, 0xde, 0xb6, 0x5a, 0x6d, 0xf7, 0xb6, 0xb6, 0x6d, 0x55, 0xdb,
      0x56, 0xad, 0xb7, 0xb5, 0xb5, 0xb5, 0xd6, 0x5e, 0x6d, 0x75, 0xbb, 0x2e,
      0xb0, 0xdf, 0xda, 0xb6, 0x5b, 0xeb, 0xde, 0xb6, 0x6a, 0xdb, 0xb7, 0xdb,
      0xaa, 0xeb, 0x6d, 0xdb, 0xba, 0x56, 0xb5, 0x7b, 0x6d, 0xd7, 0x56, 0x6f,
      0xbb, 0xb5, 0xdb, 0xde, 0xd6, 0x15, 0x70, 0x75, 0xb7, 0xed, 0xb6, 0xdd,
      0x55, 0x5b, 0xb7, 0x6d, 0xda, 0x76, 0x5b, 0x5d, 0xb5, 0xb6, 0xd5, 0xed,
      0xd6, 0x56, 0xdb, 0xba, 0xed, 0xda, 0x6d, 0xeb, 0xb6, 0xdb, 0x6d, 0x3b,
      0xd0, 0xaf, 0x6a, 0x5b, 0x6d, 0xb7, 0xd6, 0xb6, 0xed, 0xd6, 0x6d, 0xad,
      0xed, 0xb7, 0xdb, 0x6d, 0x5b, 0x5b, 0x6d, 0xdb, 0xb6, 0x77, 0x5b, 0xb7,
      0xd6, 0x5e, 0x6d, 0xbd, 0xda, 0x2e, 0xb0, 0xfa, 0xdd, 0xf6, 0xdb, 0xed,
      0xdd, 0x6d, 0x5b, 0xbb, 0xb6, 0x7b, 0x5b, 0x6d, 0x6d, 0xdb, 0x76, 0xd5,
      0xda, 0xb6, 0x6d, 0xad, 0xed, 0xda, 0xbd, 0xf5, 0xdb, 0x76, 0xb7, 0x15,
      0xd0, 0x57, 0x6b, 0x5b, 0x6d, 0x5b, 0x6b, 0xdb, 0xf6, 0xd6, 0xed, 0xd6,
      0x76, 0xdb, 0xb6, 0xb6, 0xaa, 0x5b, 0xab, 0xad, 0xda, 0x76, 0xdb, 0xb7,
      0x6b, 0x5b, 0xb6, 0xaf, 0x6a, 0x3f, 0x70, 0xfd, 0xb6, 0x6d, 0xdb, 0xb6,
      0xad, 0xb6, 0xad, 0xad, 0x5a, 0xb5, 0xad, 0xb7, 0xed, 0xad, 0x6d, 0xb5,
      0x76, 0xb5, 0xb7, 0xdd, 0xb6, 0xda, 0xb6, 0xb6, 0x6d, 0xf5, 0xdd, 0x2a,
      0xd0, 0x57, 0x6d, 0xdb, 0xb6, 0xdb, 0xf6, 0x6d, 0x7b, 0x7b, 0xb7, 0xdb,
      0xda, 0x6a, 0x5b, 0xdb, 0xda, 0x6e, 0xad, 0x6d, 0x6d, 0x6b, 0x6b, 0xb7,
      0xdd, 0xdd, 0xda, 0xae, 0xb6, 0x2d, 0x70, 0xed, 0xdb, 0xb6, 0x7b, 0x77,
      0xab, 0xd6, 0xd6, 0xd6, 0xda, 0xb6, 0xb7, 0xdf, 0xea, 0xb6, 0xab, 0xd5,
      0x6a, 0xdb, 0xda, 0xde, 0xde, 0x6e, 0x6b, 0xbb, 0xb7, 0xfd, 0x6d, 0x1b,
      0xd0, 0x5b, 0xb5, 0x6d, 0xad, 0xad, 0xdd, 0xbd, 0xdd, 0xad, 0xb7, 0x6d,
      0x6d, 0xb5, 0x5e, 0x6d, 0x5d, 0x5b, 0xd7, 0xb6, 0xb7, 0x6b, 0xb5, 0xf5,
      0xde, 0x76, 0x75, 0xab, 0x6a, 0x2d, 0xb0, 0xbe, 0x5b, 0xdb, 0xdb, 0x76,
      0x57, 0xab, 0xb6, 0x76, 0x6d, 0xdb, 0xda, 0x6d, 0xb3, 0xab, 0xea, 0xd6,
      0xba, 0xae, 0x6a, 0xdd, 0x6d, 0x5b, 0x6b, 0xdb, 0xae, 0xbf, 0xd7, 0x1b,
      0xf0, 0x6b, 0xf5, 0xb6, 0xb6, 0xdb, 0xda, 0x6e, 0xeb, 0xad, 0xdb, 0xb6,
      0x6b, 0xdb, 0x6e, 0xdd, 0x5b, 0xb5, 0xd6, 0xb5, 0xdd, 0x6b, 0xdb, 0xb6,
      0xdd, 0xb6, 0xf5, 0x6a, 0xbd, 0x36, 0x50, 0xdd, 0xae, 0xed, 0xed, 0xb6,
      0xb7, 0xb5, 0x5d, 0x7b, 0xb5, 0x6d, 0xdd, 0xb6, 0xb5, 0x6b, 0xb5, 0xad,
      0xad, 0x6e, 0xab, 0xd6, 0x56, 0xdb, 0xb6, 0x5b, 0xab, 0xdd, 0x6a, 0x1d,
      0xb0, 0xb7, 0xb5, 0xb6, 0xb6, 0x6d, 0x6d, 0xef, 0xf6, 0xd6, 0x6f, 0xdb,
      0xaa, 0x6d, 0x6b, 0xb5, 0xad, 0xb6, 0x7a, 0xd5, 0x76, 0xbb, 0xda, 0xb6,
      0x6d, 0xed, 0x76, 0xb7, 0xd7, 0x0b, 0xd0, 0x6e, 0xdb, 0x6d, 0xdb, 0xdb,
      0xdb, 0x5a, 0xab, 0xad, 0xda, 0xb5, 0x7b, 0xdb, 0xde, 0x6e, 0x6b, 0xad,
      0xd5, 0xbf, 0xad, 0x6d, 0xb7, 0x6d, 0xdb, 0x5b, 0xad, 0x6a, 0x6d, 0x0d,
      0xf0, 0xb5, 0x6d, 0xdb, 0xb6, 0x6e, 0xbd, 0xed, 0xdd, 0x76, 0x6b, 0x6f,
      0xd5, 0xb6, 0xb5, 0x55, 0xad, 0x6b, 0xad, 0xaa, 0x76, 0xdb, 0x6a, 0xdb,
      0xb6, 0xf6, 0xda, 0xed, 0xda, 0x06, 0x50, 0x6f, 0xdb, 0x76, 0xdb, 0xdb,
      0xab, 0x5b, 0x6b, 0xdb, 0xde, 0xda, 0x6e, 0x6b, 0x55, 0xdb, 0x5a, 0xad,
      0x7d, 0xdb, 0xad, 0xd7, 0xde, 0xb6, 0x6d, 0x5b, 0xb7, 0x56, 0xb7, 0x0b,
      0xb0, 0xdd, 0xb6, 0xad, 0x6d, 0x6d, 0xdf, 0xb6, 0xdf, 0xad, 0xb5, 0xab,
      0xd5, 0xde, 0xee, 0xb6, 0x75, 0x5b, 0xab, 0xb6, 0xda, 0xb6, 0xb5, 0x6d,
      0xdb, 0xf6, 0x6a, 0xfb, 0xda, 0x0e, 0xf0, 0xff, 0xff, 0xff, 0xff, 0xff,
      0xfb, 0xff, 0xfb, 0xff, 0xef, 0xfe, 0xff, 0xff, 0xff, 0xff, 0xff, 0xf7,
      0xff, 0xff, 0xff, 0xff, 0xff, 0xff, 0xff, 0xbf, 0xff, 0xbf, 0xff, 0x07,
      0xf0, 0xff, 0xff, 0xff, 0xff, 0xff, 0xff, 0xff, 0xff, 0x7f, 0xfb, 0xff,
      0xff, 0xf7, 0xff, 0xff, 0xdf, 0xfd, 0xb6, 0xef, 0xbf, 0xdd, 0xed, 0xde,
      0xff, 0xff, 0xff, 0xff, 0xff, 0x07, 0xf0, 0xff, 0xff, 0xff, 0xff, 0xdf,
      0x7f, 0xdb, 0xfe, 0xff, 0x5f, 0xab, 0xf6, 0xff, 0xdd, 0x76, 0xff, 0xbf,
      0xff, 0x7d, 0xeb, 0x77, 0xff, 0xf7, 0x76, 0xef, 0xff, 0xee, 0xff, 0x07,
      0xf0, 0xed, 0xb6, 0xdd, 0xdd, 0xfd, 0xee, 0xff, 0xbf, 0x7b, 0xff, 0xff,
      0xff, 0x7e, 0xff, 0xff, 0xfb, 0xff, 0xff, 0xff, 0x7f, 0xfb, 0x5b, 0xff,
      0xff, 0xfb, 0xdd, 0xff, 0xff, 0x06, 0x70, 0xff, 0xff, 0xff, 0xff, 0xff,
      0xff, 0xbf, 0xfd, 0xff, 0xff, 0x6d, 0xb5, 0xdf, 0xff, 0xef, 0xbe, 0xf7,
      0x77, 0xff, 0xff, 0xaf, 0xfe, 0xdd, 0xdd, 0xff, 0xff, 0xff, 0xef, 0x07,
      0xf0, 0xff, 0xff, 0xff, 0xff, 0xff, 0xff, 0xff, 0x57, 0xd5, 0xfa, 0xff,
      0xff, 0xff, 0xff, 0xff, 0xff, 0xff, 0xff, 0xff, 0xaa, 0xfa, 0xfb, 0xff,
      0xff, 0xff, 0xff, 0xff, 0xff, 0x07, 0xf0, 0xff, 0xff, 0xdf, 0x7f, 0xd5,
      0x5a, 0xeb, 0xfb, 0xbe, 0x47, 0xbb, 0xef, 0xfb, 0x6b, 0xdb, 0xff, 0x7e,
      0xff, 0xef, 0x77, 0xaf, 0xfe, 0xff, 0xff, 0xdf, 0xfb, 0xfd, 0xfd, 0x07,
      0xf0, 0xbf, 0xbb, 0xff, 0xd6, 0xba, 0xb7, 0x5a, 0x57, 0xeb, 0xda, 0xef,
      0xbd, 0x5e, 0xff, 0xf7, 0xb6, 0xf7, 0xfb, 0x7d, 0xad, 0xfd, 0x6d, 0xdb,
      0xbe, 0x75, 0xdf, 0xdf, 0xbf, 0x05, 0xf0, 0xfd, 0xff, 0xff, 0xff, 0xff,
      0xff, 0xff, 0xbb, 0xdd, 0xe6, 0xff, 0xff, 0xff, 0xff, 0xff, 0xff, 0xff,
      0x7f, 0xff, 0x7b, 0x57, 0xfb, 0xff, 0xff, 0xff, 0xff, 0xff, 0xff, 0x07,
      0xf0, 0xff, 0xff, 0xbb, 0xff, 0xbf, 0xff, 0xff, 0xee, 0xb6, 0xcf, 0x7e,
      0xff, 0xff, 0xdd, 0xff, 0xff, 0xef, 0xdf, 0x7f, 0xaf, 0xbd, 0xff, 0xff,
      0xdf, 0xff, 0xff, 0xff, 0xff, 0x07, 0xf0, 0xfd, 0xff, 0xfe, 0xff, 0xf7,
      0xed, 0xf7, 0xdb, 0x7d, 0xd5, 0xeb, 0x55, 0x55, 0x77, 0xd5, 0xda, 0x6e,
      0xfd, 0xdf, 0x75, 0xd7, 0xfa, 0xff, 0xd7, 0xff, 0xff, 0xff, 0xfd, 0x07,
      0xf0, 0xbf, 0xdb, 0xff, 0x6d, 0xff, 0x7f, 0xbf, 0xb7, 0xd6, 0xc7, 0xbe,
      0xff, 0xff, 0xdd, 0xff, 0xff, 0xeb, 0xf7, 0xf6, 0xef, 0x6e, 0x6f, 0xbb,
      0xdd, 0xff, 0x7b, 0x77, 0xdf, 0x07, 0xf0, 0xfd, 0xff, 0x6f, 0xff, 0xbf,
      0xff, 0xfb, 0xee, 0x7d, 0xed, 0xdb, 0x56, 0x6d, 0xff, 0xb6, 0xd6, 0x6e,
      0xbf, 0xff, 0xdb, 0xdd, 0xfd, 0xff, 0xff, 0x6d, 0xff, 0xff, 0xff, 0x07,
      0xf0, 0xff, 0xff, 0xfb, 0xfe, 0xed, 0xed, 0xfe, 0xbb, 0xd6, 0xfb, 0xfe,
      0xfb, 0xdf, 0xab, 0xff, 0xff, 0xef, 0xef, 0xff, 0xbf, 0xb6, 0xed, 0xff,
      0xdf, 0xff, 0xff, 0xff, 0xff, 0x05, 0xf0, 0xfd, 0xfe, 0xd4, 0xd9, 0xff,
      0xff, 0xdf, 0xee, 0xbd, 0xfe, 0xff, 0xde, 0xf5, 0xfe, 0xd5, 0x5a, 0xeb,
      0xfa, 0xff, 0xef, 0xed, 0x7e, 0xb7, 0xdf, 0xff, 0xff, 0xff, 0xff, 0x07,
      0xf0, 0xbf, 0xaf, 0xbe, 0xf7, 0xbf, 0xbf, 0xf7, 0xbb, 0xee, 0xff, 0xff,
      0x77, 0xbf, 0xdb, 0xff, 0xff, 0xef, 0xff, 0xff, 0x7f, 0xb7, 0xed, 0xff,
      0xdb, 0xff, 0xff, 0xee, 0xf7, 0x07, 0xf0, 0xff, 0x7f, 0xf5, 0x6a, 0xfb,
      0xed, 0xff, 0xee, 0xbd, 0xef, 0xff, 0xff, 0xfb, 0x7e, 0xad, 0xb5, 0x6d,
      0xff, 0x7f, 0xff, 0xdd, 0xfb, 0xff, 0xff, 0xf7, 0xbf, 0xff, 0xfe, 0x07,
      0xf0, 0xfd, 0x9f, 0x6e, 0xcf, 0xbf, 0xff, 0xbe, 0x5f, 0xf7, 0x7e, 0xff,
      0x5b, 0xaf, 0xf7, 0xff, 0xff, 0xef, 0xfb, 0xef, 0xbf, 0xbb, 0x7e, 0xbb,
      0xdf, 0xfd, 0xef, 0xff, 0x7f, 0x07, 0x70, 0xdf, 0xb7, 0xbd, 0xba, 0xef,
      0xff, 0xf7, 0xfb, 0xae, 0xff, 0x6f, 0xff, 0xfd, 0x5d, 0xdb, 0xb6, 0xeb,
      0xbe, 0xff, 0xff, 0xf7, 0xed, 0xff, 0xdd, 0xff, 0xfb, 0xff, 0xff, 0x07,
      0xf0, 0xff, 0xd7, 0xf6, 0x56, 0xfd, 0xed, 0xfd, 0xae, 0xfd, 0x7b, 0xff,
      0xaf, 0x77, 0xff, 0xff, 0xff, 0xee, 0xff, 0xff, 0xf7, 0xab, 0xfe, 0xef,
      0xdf, 0xff, 0xf7, 0xbf, 0xff, 0x07, 0xf0, 0xfd, 0x5d, 0xa9, 0x55, 0xbf,
      0x7f, 0xbf, 0x77, 0xdb, 0x9f, 0x7d, 0xff, 0xdd, 0xdb, 0xaa, 0xea, 0x6f,
      0xff, 0x7b, 0x7f, 0xbf, 0xb5, 0xfb, 0xff, 0xff, 0xea, 0xf7, 0xef, 0x07,
      0xf0, 0xff, 0xd7, 0x42, 0xaa, 0xee, 0xff, 0xff, 0xdf, 0xfe, 0x2d, 0xea,
      0xbd, 0xff, 0xfe, 0xff, 0xbf, 0xeb, 0xf7, 0xcf, 0xff, 0x6f, 0xff, 0x7f,
      0xd7, 0xbf, 0xd3, 0xfd, 0xff, 0x07, 0xf0, 0xbd, 0x2f, 0x49, 0xb5, 0xff,
      0xed, 0xf7, 0x75, 0xdb, 0x8f, 0xba, 0xff, 0xb6, 0xb7, 0xdd, 0xfb, 0xee,
      0xff, 0xbe, 0xf6, 0xf7, 0xea, 0xff, 0xff, 0xfb, 0xa9, 0xff, 0xff, 0x06,
      0xf0, 0xff, 0x5b, 0x42, 0xb5, 0xbc, 0x7f, 0xbf, 0xdf, 0xfd, 0x2b, 0xfa,
      0xff, 0xff, 0xfd, 0x77, 0xef, 0x6f, 0xff, 0xdd, 0xbf, 0x5f, 0xff, 0xee,
      0xff, 0xff, 0xc5, 0xff, 0xfb, 0x07, 0xf0, 0xff, 0x6b, 0x49, 0xb5, 0xf7,
      0xff, 0xfb, 0x7b, 0xf7, 0x87, 0xda, 0xbf, 0xd5, 0xaf, 0xfe, 0xbd, 0xeb,
      0xbf, 0xd7, 0xfd, 0xef, 0xba, 0xff, 0xfe, 0x5f, 0xeb, 0xff, 0xff, 0x07,
      0xf0, 0xee, 0xbb, 0x40, 0x6a, 0xfd, 0xed, 0xff, 0xee, 0xfe, 0x2d, 0xda,
      0xfe, 0x7f, 0xfb, 0xdb, 0xef, 0xef, 0xf7, 0xbd, 0xfd, 0x5e, 0xef, 0xbf,
      0xf7, 0xff, 0xe7, 0xff, 0xff, 0x07, 0xf0, 0xff, 0x6e, 0x15, 0xdd, 0xbf,
      0x7f, 0xef, 0xbf, 0xed, 0x97, 0xfa, 0x7f, 0xdb, 0xbf, 0x7f, 0xfb, 0xee,
      0xff, 0xef, 0xfd, 0xef, 0xfa, 0xfb, 0xdf, 0xad, 0x65, 0x7f, 0xdf, 0x05,
      0xf0, 0xfd, 0xb7, 0x40, 0x6b, 0xff, 0xff, 0xfb, 0xea, 0xfb, 0x3f, 0xdf,
      0xdf, 0xff, 0xf6, 0xd6, 0xbf, 0x6f, 0xff, 0x7b, 0xff, 0x5f, 0xff, 0xff,
      0xdf, 0xff, 0xfb, 0xff, 0xff, 0x07, 0xf0, 0xff, 0xdf, 0x8f, 0xfa, 0xdb,
      0xed, 0xbe, 0xbf, 0xde, 0x45, 0xda, 0x7e, 0xb5, 0xdf, 0xff, 0xf6, 0xeb,
      0xff, 0xb6, 0xf5, 0xb7, 0xb5, 0xef, 0xdd, 0x4f, 0xd6, 0xef, 0xf7, 0x07,
      0xf0, 0xbd, 0x77, 0xa8, 0x64, 0xff, 0xff, 0xff, 0xf7, 0xfd, 0xbd, 0x6e,
      0xdf, 0xff, 0xf5, 0xba, 0xdf, 0xee, 0x77, 0x25, 0xbd, 0xdf, 0xfe, 0x7d,
      0xff, 0xbf, 0x74, 0xfd, 0xff, 0x07, 0x70, 0xff, 0x9f, 0x47, 0xef, 0xbf,
      0xbf, 0xef, 0x5d, 0xab, 0x55, 0x6a, 0xfd, 0xb7, 0xbf, 0xef, 0xfd, 0xef,
      0x5f, 0x4a, 0xe4, 0x6f, 0xeb, 0xff, 0xdf, 0x6d, 0xd5, 0x9b, 0xff, 0x07,
      0xf0, 0xff, 0x5f, 0x29, 0xd5, 0xfe, 0xf7, 0xff, 0xf7, 0xff, 0x85, 0x92,
      0x6e, 0xff, 0xff, 0xff, 0xff, 0x2f, 0x3f, 0x21, 0xc9, 0xb7, 0xfd, 0xef,
      0xb7, 0x89, 0x24, 0xbe, 0x7f, 0x07, 0xf0, 0xfd, 0x1d, 0x52, 0x60, 0xef,
      0xfd, 0x7d, 0xbf, 0xda, 0xaa, 0x24, 0xf7, 0xdd, 0x76, 0xbb, 0xdb, 0xee,
      0x5f, 0x88, 0xd2, 0x6f, 0x7f, 0xfb, 0x3d, 0x53, 0x45, 0xcd, 0xf7, 0x07,
      0xf0, 0xdf, 0xbf, 0x88, 0x6a, 0xff, 0x7f, 0xef, 0xfb, 0xaf, 0x41, 0x4a,
      0xbf, 0xf7, 0xdf, 0xff, 0xff, 0xef, 0x3f, 0x11, 0xa1, 0xdb, 0xf5, 0x7f,
      0x5f, 0x85, 0x14, 0xbd, 0xff, 0x07, 0xf0, 0xfd, 0x2f, 0x29, 0xd0, 0xbb,
      0xdf, 0xff, 0x6f, 0x7d, 0xab, 0x82, 0xf6, 0xbf, 0xfd, 0xb6, 0x6d, 0xeb,
      0x5e, 0xa4, 0xe4, 0x6f, 0xff, 0xff, 0x7f, 0xab, 0xa4, 0xce, 0xff, 0x07,
      0xf0, 0xff, 0x7f, 0xd2, 0x6a, 0xff, 0xfb, 0xbf, 0xfd, 0xab, 0x45, 0x55,
      0xbf, 0xed, 0xb7, 0xff, 0xff, 0xff, 0x7f, 0xf1, 0xc9, 0xdd, 0xba, 0xef,
      0x5f, 0xc5, 0x16, 0xe5, 0xff, 0x07, 0xf0, 0xfd, 0x5e, 0x29, 0xd0, 0xbf,
      0xff, 0xed, 0xdf, 0x7e, 0x6b, 0xa7, 0xef, 0xff, 0xfe, 0xdb, 0xb6, 0x6d,
      0xbf, 0x04, 0xf0, 0xbb, 0xff, 0xfd, 0xfb, 0xaa, 0xa4, 0xfe, 0x77, 0x07,
      0xf0, 0xff, 0x7f, 0x92, 0xea, 0xf7, 0x6f, 0xff, 0xfb, 0xeb, 0x93, 0xc8,
      0xfb, 0xdd, 0xb7, 0xff, 0xff, 0xef, 0x7b, 0xa9, 0xea, 0xd7, 0xfa, 0x7f,
      0xdf, 0x17, 0x49, 0xff, 0xff, 0x07, 0xf0, 0xbf, 0xbf, 0x24, 0xf4, 0xfd,
      0xfd, 0xff, 0x5e, 0x5f, 0x27, 0x52, 0xbf, 0xf7, 0xfe, 0xb6, 0xed, 0xee,
      0x7f, 0xe9, 0xb1, 0xfd, 0x6f, 0xff, 0xff, 0xeb, 0x56, 0xff, 0xff, 0x07,
      0xf0, 0xff, 0xf7, 0xfa, 0x75, 0xbf, 0xff, 0xdb, 0xf7, 0xf5, 0xd6, 0xaf,
      0xef, 0xbf, 0xb7, 0xff, 0xff, 0xef, 0xfe, 0x12, 0xf5, 0x57, 0xfd, 0xf7,
      0xdf, 0x57, 0xad, 0xff, 0xfe, 0x07, 0xf0, 0xee, 0x7f, 0x85, 0xf4, 0xff,
      0xef, 0xfe, 0x7f, 0xdf, 0x57, 0xaa, 0x7b, 0xed, 0xff, 0xf7, 0xbb, 0xed,
      0xff, 0xea, 0xf4, 0xfd, 0xee, 0xbf, 0xdb, 0xd7, 0xd5, 0xee, 0xdf, 0x07,
      0xf0, 0xff, 0xff, 0x7d, 0xfd, 0xf7, 0xfb, 0xff, 0xde, 0xbb, 0xae, 0xd5,
      0xff, 0xff, 0xb6, 0x7d, 0xff, 0x7f, 0xff, 0x01, 0xfd, 0xab, 0xfb, 0xfd,
      0xff, 0x2f, 0xaa, 0xfb, 0xff, 0x07, 0xf0, 0xff, 0xfd, 0x01, 0xd5, 0xbe,
      0xbf, 0xef, 0xf7, 0xee, 0x2f, 0xf2, 0xee, 0xbb, 0xdf, 0xff, 0xd7, 0xeb,
      0x5b, 0x57, 0x5a, 0x6f, 0x7f, 0xff, 0xff, 0x5d, 0xe9, 0xfa, 0xff, 0x05,
      0xf0, 0x7d, 0xdf, 0x57, 0xde, 0xff, 0xff, 0xfb, 0x7d, 0xbf, 0x5a, 0xb5,
      0xbe, 0xef, 0x7b, 0xef, 0x7e, 0xff, 0xbf, 0x96, 0xfe, 0xfb, 0xfa, 0xff,
      0xff, 0xbf, 0x7a, 0xe9, 0xfb, 0x07, 0xf0, 0xff, 0xff, 0x96, 0xcb, 0xff,
      0xfd, 0xbf, 0xef, 0xeb, 0x77, 0x7d, 0xfb, 0xfe, 0xee, 0xfd, 0xdb, 0x6f,
      0xbf, 0x6d, 0xdb, 0xae, 0xef, 0xff, 0xff, 0xff, 0x6d, 0xb5, 0x7f, 0x07,
      0xf0, 0xfd, 0xff, 0xfe, 0xa5, 0xf7, 0xff, 0xff, 0x7f, 0xbf, 0xfe, 0x2f,
      0xee, 0xbb, 0x77, 0xdf, 0xb6, 0xed, 0x3b, 0xd2, 0xf6, 0x7b, 0xfd, 0xff,
      0xfe, 0x6f, 0x5f, 0xe8, 0xff, 0x07, 0xf0, 0xdf, 0x6f, 0xa9, 0x8a, 0xfd,
      0xff, 0xf6, 0xf6, 0xf5, 0xa7, 0xad, 0xfc, 0xef, 0xbd, 0xf7, 0x7d, 0xef,
      0x1f, 0x94, 0xd5, 0xee, 0xff, 0xef, 0x7f, 0xcf, 0x55, 0x71, 0xfb, 0x07,
      0xf0, 0xfd, 0x7b, 0x58, 0x41, 0xff, 0xff, 0xbf, 0x5f, 0x5f, 0x47, 0x0b,
      0xbe, 0x7d, 0xdb, 0xbd, 0xd3, 0xfe, 0x5e, 0xa8, 0xb0, 0xbb, 0xfa, 0xff,
      0xdf, 0x5f, 0x15, 0xfa, 0xff, 0x07, 0xf0, 0xff, 0x7f, 0x51, 0x81, 0xff,
      0xff, 0xff, 0xf7, 0xf7, 0x4b, 0x45, 0xfe, 0xbf, 0xb6, 0x56, 0x5d, 0xef,
      0x37, 0x40, 0xf0, 0xef, 0x7f, 0xe3, 0xff, 0x9b, 0x55, 0x68, 0x6b, 0x07,
      0xf0, 0xfd, 0x5e, 0x84, 0xd0, 0xff, 0xdf, 0xff, 0xfd, 0xfd, 0x13, 0x02,
      0xed, 0x77, 0x55, 0x55, 0x5b, 0xfb, 0x1d, 0x20, 0xe2, 0xbd, 0xde, 0xd7,
      0xf7, 0x3f, 0x8a, 0xfa, 0xff, 0x07, 0xf0, 0xbf, 0x77, 0x01, 0xc0, 0xff,
      0xfe, 0x77, 0xbf, 0xff, 0x87, 0x4b, 0x7e, 0xbf, 0xaa, 0x82, 0x54, 0xbf,
      0x3b, 0xb1, 0x68, 0xf7, 0xf7, 0xc3, 0xfe, 0x1f, 0x24, 0xbc, 0xed, 0x06,
      0xf0, 0xfd, 0x7d, 0xc0, 0xe0, 0xbf, 0xef, 0xff, 0xef, 0xdf, 0x92, 0x0f,
      0xde, 0x7f, 0x15, 0x29, 0x4d, 0xee, 0x36, 0xa8, 0xf1, 0xdd, 0xfe, 0x6b,
      0xb7, 0xbf, 0x86, 0xf6, 0xbf, 0x07, 0xf0, 0x5f, 0x5f, 0x71, 0xe9, 0xfb,
      0xfb, 0xfd, 0xfb, 0xfd, 0xcb, 0x9f, 0xf6, 0xed, 0xaa, 0x40, 0xda, 0xfe,
      0x2a, 0xa8, 0x50, 0x77, 0xff, 0xc2, 0xee, 0x1f, 0x2e, 0x5c, 0xeb, 0x0d,
      0xf0, 0xf7, 0xf7, 0xe0, 0xf3, 0xde, 0xff, 0x7f, 0xff, 0xef, 0x23, 0x2f,
      0x7e, 0xbf, 0x16, 0x8a, 0xb4, 0x5b, 0x5f, 0xb2, 0xf4, 0xdd, 0xff, 0x57,
      0xff, 0x5d, 0x9f, 0xfe, 0x7f, 0x07, 0xf0, 0xde, 0xae, 0xa8, 0xf4, 0xff,
      0xdd, 0xde, 0xbf, 0x7b, 0x17, 0x87, 0xff, 0xff, 0xa6, 0xa0, 0x7b, 0xff,
      0x6a, 0x50, 0x50, 0x77, 0xbd, 0x47, 0xfb, 0x9f, 0x3a, 0xd6, 0xda, 0x0b,
      0xb0, 0xeb, 0xfd, 0xc4, 0xf0, 0xbf, 0xff, 0xff, 0xef, 0xfe, 0x47, 0x23,
      0xdb, 0x6d, 0xff, 0x75, 0xf4, 0xd6, 0x35, 0x50, 0xf0, 0xda, 0xff, 0xd7,
      0xfe, 0x9f, 0x8e, 0x7f, 0x7f, 0x07, 0xf0, 0x5e, 0xab, 0xc0, 0xf0, 0xbf,
      0xd7, 0xff, 0xfb, 0xdf, 0x15, 0x07, 0x7f, 0xff, 0x82, 0x42, 0x55, 0x7f,
      0x6f, 0x20, 0xb0, 0xbf, 0xfa, 0xbf, 0xbd, 0x5f, 0x2e, 0xd5, 0xeb, 0x05,
      0xd0, 0xf5, 0xfe, 0xe0, 0xf8, 0xef, 0xfe, 0xfb, 0xff, 0xfb, 0x87, 0x87,
      0xf7, 0xb7, 0x2f, 0xd5, 0xeb, 0xdb, 0xda, 0xaa, 0xd4, 0xea, 0xfe, 0x45,
      0x6e, 0x1d, 0x8e, 0xff, 0xbe, 0x07, 0x70, 0xaf, 0xab, 0x70, 0xf1, 0x7f,
      0x75, 0xff, 0x6e, 0xbf, 0xc7, 0xcf, 0xbd, 0xfd, 0xda, 0x11, 0xea, 0xfc,
      0xf5, 0x70, 0x70, 0x5f, 0xfb, 0x9e, 0xb8, 0xbd, 0x9f, 0x6d, 0xf7, 0x0a,
      0xd0, 0x7a, 0x7d, 0xd2, 0xf1, 0xad, 0xaa, 0xff, 0xfb, 0xf7, 0xe6, 0x8f,
      0xef, 0xef, 0x53, 0xa4, 0x52, 0x5f, 0xaf, 0x5c, 0xd1, 0xea, 0xfe, 0x3b,
      0x45, 0x1e, 0x57, 0xbf, 0xdd, 0x07, 0xb0, 0xed, 0xeb, 0xf9, 0xe2, 0x7b,
      0xe4, 0xfa, 0xdf, 0xfe, 0xe7, 0x9b, 0xfd, 0xbe, 0x26, 0x09, 0x74, 0xfb,
      0x75, 0x54, 0xb9, 0x5f, 0x5b, 0x44, 0x94, 0x8c, 0xfb, 0xf5, 0xbf, 0x05,
      0x70, 0x5b, 0x5d, 0xe9, 0xe3, 0x92, 0x8a, 0xfa, 0xfe, 0x6f, 0xe7, 0xde,
      0xb7, 0xfb, 0x0a, 0x52, 0x51, 0x5f, 0xdb, 0xad, 0xe8, 0xea, 0xf6, 0x92,
      0x22, 0x8d, 0xbf, 0x5f, 0xeb, 0x07, 0xd0, 0xee, 0xf7, 0xd9, 0xa2, 0x45,
      0x10, 0xb9, 0xb7, 0xfd, 0xed, 0xdf, 0xfe, 0xef, 0x57, 0x24, 0x74, 0xf7,
      0xb6, 0xa9, 0xba, 0x5d, 0x5b, 0x49, 0x44, 0xce, 0xf6, 0xf6, 0xbf, 0x0a,
      0xb0, 0x5d, 0x5d, 0xa9, 0xd5, 0x12, 0x55, 0xf2, 0xff, 0x6f, 0xef, 0xdf,
      0xdb, 0xbe, 0x85, 0x42, 0xba, 0xbf, 0x6d, 0xb7, 0x6b, 0xf7, 0xee, 0x44,
      0x8d, 0xec, 0xdb, 0xdf, 0xea, 0x07, 0xd0, 0xeb, 0xeb, 0xf7, 0x96, 0x45,
      0x12, 0xd4, 0xdb, 0xfe, 0xef, 0x5e, 0xff, 0xfb, 0x1d, 0x5a, 0xb4, 0xed,
      0xaa, 0x4a, 0xda, 0x5a, 0xbb, 0x52, 0x14, 0xcf, 0x7f, 0x75, 0xff, 0x0a,
      0x70, 0xbd, 0x5e, 0xad, 0xb7, 0x15, 0x4b, 0xf5, 0xfe, 0xdb, 0xed, 0xd7,
      0xdb, 0xee, 0xab, 0x9a, 0xfa, 0xbf, 0xdb, 0xd5, 0xe9, 0xb7, 0xed, 0x42,
      0xab, 0xec, 0xd6, 0xdf, 0xdb, 0x07, 0xd0, 0x6b, 0xeb, 0xdb, 0x2e, 0x4b,
      0x14, 0xda, 0xbf, 0xff, 0xef, 0xfd, 0xfe, 0xff, 0x5f, 0x20, 0xf5, 0xf7,
      0xb6, 0x26, 0x5b, 0x6d, 0xbb, 0x94, 0x40, 0xff, 0xf7, 0x76, 0x6f, 0x05,
      0xb0, 0xde, 0xbd, 0xae, 0xbd, 0x92, 0x52, 0xdd, 0xef, 0xb6, 0x6d, 0xbf,
      0xb7, 0xb5, 0x57, 0x55, 0xfa, 0xdd, 0x6a, 0xdd, 0x74, 0xdb, 0xee, 0x05,
      0x2a, 0xba, 0xbd, 0xdf, 0xfd, 0x07, 0xd0, 0x6b, 0xeb, 0x7d, 0xeb, 0x27,
      0x04, 0xfa, 0xfb, 0xff, 0xff, 0xff, 0xfd, 0xff, 0x5d, 0xff, 0x7e, 0xbf,
      0xad, 0x2b, 0xaf, 0xb6, 0xfb, 0xe9, 0x4f, 0xef, 0xf7, 0x7a, 0xd7, 0x06,
      0x70, 0xbd, 0x5f, 0x6b, 0xbd, 0x95, 0x7b, 0xdd, 0x7f, 0xbb, 0xfb, 0xb7,
      0x6f, 0xfd, 0x5f, 0x42, 0xed, 0x6f, 0x7b, 0x55, 0xda, 0xed, 0xde, 0x8b,
      0x92, 0x7f, 0xaf, 0xd7, 0xfd, 0x07, 0xd0, 0x6f, 0xf5, 0xbe, 0xeb, 0xa7,
      0x24, 0xfd, 0xff, 0xef, 0xee, 0xfd, 0xfe, 0x6f, 0xbf, 0xba, 0xfe, 0xdf,
      0x56, 0xdb, 0xb6, 0x5a, 0xeb, 0x57, 0xad, 0xed, 0x7d, 0x7d, 0xd7, 0x06,
      0xb0, 0xb6, 0xaf, 0x75, 0xfd, 0x1b, 0x4d, 0xfd, 0x6e, 0xfb, 0x7f, 0xdf,
      0xdb, 0xfe, 0x7f, 0x55, 0xfb, 0xbb, 0xad, 0x26, 0x6d, 0xf7, 0xbd, 0x4d,
      0xd1, 0xbf, 0xeb, 0xd7, 0xfd, 0x07, 0x70, 0x7d, 0x75, 0xd7, 0xab, 0x57,
      0x52, 0xbf, 0xff, 0xbf, 0xfb, 0x7f, 0xff, 0xfb, 0xdb, 0x42, 0xff, 0x6f,
      0xdb, 0xdd, 0xda, 0x5a, 0xdf, 0x2f, 0xaa, 0xfb, 0x5f, 0x7d, 0xf7, 0x06,
      0xd0, 0xaf, 0xdd, 0x5d, 0xfd, 0xaf, 0x90, 0xee, 0xbf, 0xed, 0xee, 0xdb,
      0x6b, 0xbf, 0xff, 0xd5, 0xeb, 0xdf, 0xb6, 0x16, 0xb7, 0xed, 0xed, 0x5b,
      0xf0, 0xae, 0xfa, 0xd7, 0xbd, 0x07, 0xb0, 0x7e, 0xbb, 0xeb, 0x6b, 0x3b,
      0xa5, 0xff, 0xfb, 0xff, 0xff, 0xfe, 0xfe, 0xf7, 0x5f, 0xb7, 0xca, 0xbd,
      0x6d, 0x75, 0x6a, 0xb7, 0xff, 0xb6, 0xb7, 0xfc, 0x57, 0x7d, 0xf7, 0x07,
      0xf0, 0xed, 0x76, 0x5d, 0xdd, 0xf7, 0xda, 0xfd, 0x7f, 0x6b, 0xdb, 0xef,
      0x6f, 0xff, 0xdd, 0xfe, 0xe5, 0x57, 0xdb, 0xce, 0xde, 0x7a, 0xeb, 0xf7,
      0xbd, 0x6d, 0xfd, 0xeb, 0xee, 0x05, 0x50, 0xbf, 0xed, 0xdb, 0xf7, 0xeb,
      0xff, 0xfe, 0xef, 0xff, 0xff, 0xbf, 0xfe, 0x7d, 0x9f, 0x55, 0xd2, 0xff,
      0xaa, 0x35, 0xb5, 0xd7, 0x7f, 0xab, 0x56, 0xf8, 0xb7, 0xde, 0x75, 0x07,
      0xb0, 0x7f, 0xb7, 0xee, 0x5a, 0x55, 0xb5, 0x7b, 0xff, 0xd6, 0xf6, 0xeb,
      0xdb, 0xdf, 0x2f, 0xaa, 0x82, 0x57, 0xb7, 0xce, 0x6a, 0x7d, 0xeb, 0x6b,
      0x29, 0xbc, 0xee, 0xbb, 0xff, 0x07, 0xf0, 0xee, 0xee, 0xbd, 0xf7, 0xd5,
      0x2a, 0xfd, 0xfb, 0xff, 0x6f, 0x7f, 0x7f, 0xf7, 0x0f, 0x2a, 0xa0, 0xbf,
      0x6a, 0x55, 0xaf, 0xeb, 0xbf, 0x53, 0x15, 0xf9, 0x5d, 0x6f, 0xf5, 0x07,
      0x50, 0xbf, 0xb5, 0xeb, 0x5a, 0xa9, 0x6a, 0xf8, 0xbf, 0xad, 0xfd, 0xef,
      0xdb, 0xff, 0x1f, 0x54, 0xc8, 0xef, 0xdd, 0xad, 0x74, 0xdf, 0xd6, 0x41,
      0x15, 0xfc, 0xfb, 0xfd, 0xbf, 0x05, 0xf0, 0xfe, 0xef, 0x5e, 0xf7, 0xa1,
      0x8a, 0xf4, 0xff, 0xff, 0xee, 0xbb, 0xff, 0xfd, 0x97, 0x00, 0x80, 0x7d,
      0x6b, 0x5b, 0xee, 0x7a, 0xff, 0x83, 0x0a, 0xdc, 0x6e, 0xab, 0xfa, 0x07,
      0x50, 0xb7, 0xda, 0xeb, 0xda, 0x85, 0x14, 0xd8, 0xee, 0xb6, 0xbb, 0xff,
      0xb6, 0x7f, 0x1f, 0x00, 0xd1, 0xff, 0xad, 0x36, 0xab, 0xd7, 0xf7, 0x03,
      0x04, 0xfd, 0xff, 0xfe, 0x6f, 0x07, 0xf0, 0xfd, 0xb7, 0xbe, 0xff, 0x09,
      0x89, 0xf2, 0xff, 0xff, 0xfe, 0xeb, 0xff, 0xdf, 0x1f, 0xf4, 0xc0, 0xdf,
      0xdf, 0xcd, 0x75, 0xfd, 0xbe, 0x23, 0x00, 0xfc, 0xbf, 0x5b, 0xfd, 0x07,
      0x50, 0x7f, 0xef, 0x75, 0xb5, 0x45, 0x02, 0xa8, 0xfb, 0xdd, 0xd7, 0x7f,
      0xfb, 0xf7, 0x1b, 0xf6, 0xc9, 0xf7, 0xbf, 0x5a, 0xad, 0xb7, 0xff, 0x03,
      0x07, 0xbe, 0xef, 0xff, 0xb7, 0x05, 0xb0, 0xfd, 0x5d, 0xaf, 0xff, 0x01,
      0x20, 0xf9, 0xbe, 0xff, 0xfe, 0xf6, 0xbf, 0xfd, 0x9f, 0x68, 0xc0, 0xfd,
      0xfb, 0x55, 0xfb, 0xee, 0xf7, 0xc3, 0x9f, 0xee, 0xfb, 0x5f, 0xfd, 0x07,
      0xd0, 0xdf, 0xbb, 0xfa, 0x6e, 0x95, 0x07, 0xd8, 0xf7, 0xf7, 0xbb, 0xdf,
      0xfe, 0xff, 0x5f, 0x78, 0xc4, 0xff, 0x7e, 0xaf, 0x56, 0xfb, 0x7f, 0x93,
      0x0f, 0xfe, 0xff, 0xfd, 0xd7, 0x06, 0xb0, 0xfe, 0xfe, 0xdd, 0xfb, 0xc1,
      0x8d, 0x74, 0xdd, 0xbe, 0xef, 0xfb, 0xef, 0x7f, 0x1b, 0x28, 0xe0, 0xbf,
      0xff, 0x37, 0xed, 0xff, 0xdd, 0x93, 0x27, 0xff, 0xbe, 0xff, 0xff, 0x07,
      0xf0, 0xbd, 0xb7, 0x77, 0x5f, 0xb5, 0x0f, 0xdc, 0xf7, 0xef, 0x7d, 0xff,
      0xff, 0xdd, 0x1f, 0x38, 0xe1, 0xfe, 0xdf, 0x5f, 0xdb, 0x7f, 0xff, 0x87,
      0x07, 0xdb, 0xef, 0x77, 0xdb, 0x05, 0xa0, 0xff, 0xdd, 0xde, 0xfd, 0x01,
      0x93, 0x7c, 0x5d, 0xfb, 0xd7, 0x77, 0xbf, 0xff, 0x1f, 0x28, 0xe0, 0xf7,
      0xf7, 0xbd, 0xf6, 0xf6, 0xff, 0x87, 0x03, 0xff, 0xff, 0xfd, 0xff, 0x07,
      0x70, 0xbd, 0xf7, 0x7b, 0x57, 0x95, 0x23, 0xd6, 0xf7, 0x7f, 0xff, 0xff,
      0xfb, 0xff, 0x1b, 0x7a, 0xe0, 0x7f, 0xff, 0xff, 0xfe, 0xff, 0x6d, 0x87,
      0xc3, 0xef, 0x7e, 0xdf, 0xaf, 0x05, 0xd0, 0xef, 0xbe, 0xef, 0xfb, 0x81,
      0x02, 0xbe, 0x5e, 0xd5, 0xbf, 0xf5, 0xdf, 0xdb, 0x1e, 0x4c, 0xe8, 0xde,
      0x7f, 0xbf, 0xbb, 0x6f, 0xff, 0x8f, 0x87, 0xfb, 0xf7, 0xff, 0xfe, 0x07,
      0xb0, 0xfa, 0xfb, 0xba, 0xae, 0x93, 0x43, 0xeb, 0xf5, 0xff, 0xf6, 0x7f,
      0xff, 0xfe, 0x1f, 0x5a, 0xe0, 0xff, 0xdb, 0x77, 0xfd, 0xfd, 0xff, 0xcd,
      0x8f, 0xbf, 0xdf, 0xbb, 0xbf, 0x07, 0x60, 0xbf, 0xaf, 0xef, 0x7b, 0x43,
      0x0b, 0x5f, 0x5f, 0xd5, 0x7f, 0xdf, 0xfb, 0xff, 0x1f, 0x5e, 0xf0, 0xf7,
      0xff, 0xff, 0xef, 0xbf, 0xdb, 0xcf, 0xce, 0xfd, 0xfd, 0xef, 0xf7, 0x05,
      0xb0, 0xfd, 0xfa, 0xba, 0xed, 0xc2, 0x86, 0xea, 0xf5, 0xbd, 0xda, 0xf7,
      0xdf, 0xef, 0x16, 0x5a, 0x71, 0xff, 0xfe, 0xbe, 0x7d, 0xef, 0xff, 0xce,
      0xcf, 0xef, 0x7f, 0xfb, 0xbf, 0x07, 0xd0, 0xbf, 0xaf, 0xef, 0xde, 0xc7,
      0xae, 0xbf, 0x5f, 0xd7, 0xff, 0xfd, 0xff, 0xfe, 0x1f, 0xba, 0xf0, 0xbf,
      0xef, 0xff, 0xfe, 0xfb, 0xbd, 0xff, 0xff, 0x7e, 0xf7, 0x7f, 0xff, 0x07,
      0xb0, 0xfe, 0xfd, 0xba, 0xbb, 0xa6, 0x8f, 0x6a, 0xf5, 0xb6, 0x6e, 0xff,
      0xfe, 0xbf, 0x5f, 0x6e, 0xf0, 0xfd, 0xff, 0xbb, 0xef, 0x7e, 0xef, 0xef,
      0xde, 0xf7, 0xdd, 0xde, 0xb7, 0x05, 0xf0, 0xbe, 0x57, 0xef, 0xf6, 0xab,
      0xca, 0xdf, 0xaf, 0xdf, 0xfb, 0xfb, 0xb7, 0xfb, 0x3b, 0xdd, 0xf1, 0xef,
      0x7b, 0xff, 0xfd, 0xdf, 0xff, 0xfb, 0xff, 0xbd, 0xff, 0xf7, 0xff, 0x07,
      0x50, 0xf7, 0xfd, 0xbd, 0xaf, 0xee, 0xa6, 0xba, 0x7a, 0x75, 0xdf, 0xbe,
      0xff, 0xff, 0x3e, 0x35, 0x79, 0xff, 0xfe, 0xff, 0xdf, 0xfb, 0x7b, 0xff,
      0x6d, 0xff, 0xf7, 0xfd, 0x7d, 0x07, 0xd0, 0xff, 0xb7, 0xeb, 0xfa, 0x4b,
      0xeb, 0xf7, 0xd7, 0xaf, 0xfd, 0xf7, 0xff, 0xb7, 0x3f, 0xdd, 0xf9, 0xbf,
      0xdf, 0xff, 0xfe, 0x7e, 0xdf, 0xdf, 0xff, 0xf7, 0xbe, 0x7f, 0xff, 0x07,
      0xf0, 0xb6, 0xdd, 0xbe, 0x57, 0xfd, 0x5e, 0xad, 0xba, 0xf5, 0x77, 0xff,
      0xbd, 0xfd, 0x2f, 0x3b, 0xf9, 0xed, 0xff, 0xed, 0xb7, 0xef, 0xff, 0xfb,
      0xbb, 0xdf, 0xff, 0xdf, 0xdf, 0x07, 0xd0, 0xfd, 0xf7, 0xdb, 0xfe, 0xd7,
      0xf5, 0x7f, 0xef, 0x5e, 0xfd, 0xfd, 0xff, 0xff, 0x3b, 0xed, 0xd9, 0xff,
      0xf7, 0xff, 0xff, 0xff, 0xfd, 0xfe, 0xfe, 0xfd, 0x76, 0xfb, 0xff, 0x06,
      0xb0, 0x7e, 0xdf, 0xbe, 0x55, 0xfe, 0x5a, 0xd5, 0xb5, 0xfb, 0xdf, 0xf7,
      0xef, 0xdf, 0x3e, 0x55, 0xf9, 0xff, 0x7d, 0x7f, 0xfd, 0xdd, 0xb7, 0xdf,
      0x6f, 0xbf, 0xdf, 0xff, 0xfb, 0x07, 0xd0, 0xdf, 0xed, 0xeb, 0xbf, 0xd5,
      0xed, 0xb7, 0xdb, 0x5e, 0xfb, 0x7d, 0xfb, 0xf6, 0x3f, 0x99, 0x7d, 0xdb,
      0xff, 0xff, 0x6f, 0xff, 0xfe, 0xf7, 0xff, 0xf7, 0xfb, 0xef, 0x7f, 0x07,
      0xb0, 0xbd, 0xbf, 0xbe, 0xea, 0xfe, 0xbd, 0x6e, 0xf7, 0xf7, 0xfe, 0xff,
      0xff, 0xff, 0x6f, 0xd5, 0xdd, 0xff, 0xff, 0xff, 0xff, 0xb7, 0xff, 0xfd,
      0xdd, 0xbd, 0xff, 0x7e, 0xef, 0x05, 0xf0, 0xef, 0xf5, 0xf7, 0xb7, 0xab,
      0xeb, 0xdd, 0xba, 0xdd, 0x7f, 0xff, 0xff, 0x7f, 0x7b, 0xbf, 0xfd, 0xff,
      0xbe, 0x7b, 0xbb, 0xff, 0xb7, 0x7f, 0xf7, 0xef, 0xdb, 0xff, 0xfb, 0x07,
      0xa0, 0x76, 0x5f, 0x5b, 0x6d, 0x7d, 0x5b, 0xeb, 0x77, 0xaf, 0xed, 0x7b,
      0xbf, 0xfb, 0x7f, 0x55, 0xfd, 0xdd, 0xff, 0xff, 0xff, 0xfd, 0xfd, 0xef,
      0xbf, 0xfd, 0xfe, 0xf7, 0x7f, 0x03, 0xf0, 0xdf, 0xfb, 0xff, 0xdb, 0xd7,
      0xf6, 0x5e, 0xdd, 0x7f, 0xff, 0xff, 0xfb, 0xdf, 0xff, 0xd5, 0x6f, 0xff,
      0xff, 0xdf, 0xef, 0x6f, 0xbf, 0xfd, 0xfb, 0xbf, 0xff, 0xbe, 0xff, 0x07,
      0x50, 0xf5, 0xaf, 0xb6, 0xbd, 0xba, 0xad, 0xfb, 0xfb, 0xd6, 0xff, 0xff,
      0xff, 0xff, 0xf6, 0x8a, 0xff, 0xef, 0xdb, 0xfe, 0x7d, 0xff, 0xef, 0xbf,
      0xdf, 0xfb, 0xdb, 0xff, 0xed, 0x06, 0xf0, 0xde, 0xf6, 0xff, 0xf6, 0xed,
      0x7b, 0x57, 0xdd, 0x6f, 0xdb, 0xee, 0x7e, 0xfb, 0xbf, 0x75, 0xf7, 0xfb,
      0xff, 0xff, 0xdf, 0xbb, 0xfd, 0xfb, 0x7d, 0xef, 0xfe, 0xf7, 0xff, 0x03,
      0x50, 0xf7, 0x5f, 0xab, 0xaf, 0xbe, 0xd6, 0xfd, 0xbf, 0xfd, 0xff, 0xff,
      0xdf, 0xdf, 0xff, 0xab, 0x7f, 0xff, 0xfe, 0xf7, 0xfb, 0xff, 0xbf, 0xef,
      0xef, 0xfb, 0xff, 0x7f, 0x7f, 0x07, 0xb0, 0xfd, 0xf5, 0xff, 0xdd, 0x75,
      0xbd, 0x56, 0xf5, 0x57, 0x7d, 0xfb, 0xf7, 0xff, 0x76, 0xd5, 0xfd, 0xff,
      0x7f, 0xff, 0x7e, 0xef, 0xfb, 0x7e, 0xfb, 0xbe, 0xdb, 0xfe, 0xfb, 0x03,
      0xd0, 0xae, 0x5f, 0x77, 0xb7, 0xdb, 0xeb, 0xfd, 0xde, 0xfe, 0xf7, 0xbf,
      0xfd, 0xf7, 0xff, 0x25, 0xdf, 0xdf, 0xff, 0xff, 0xef, 0x7f, 0xef, 0xdf,
      0xbf, 0xef, 0xfe, 0x77, 0xdf, 0x06, 0xb0, 0xdb, 0xed, 0xdf, 0x6d, 0xbd,
      0x5e, 0xd7, 0xf7, 0x57, 0xbd, 0xfd, 0xff, 0x7d, 0xdf, 0xd1, 0xff, 0xfd,
      0xdf, 0xfb, 0xfb, 0xfd, 0xfb, 0xfd, 0xef, 0xff, 0xff, 0xff, 0xff, 0x07,
      0xd0, 0xfe, 0x5f, 0xfb, 0xdf, 0xdb, 0xf5, 0x6d, 0xbf, 0xbf, 0xff, 0xff,
      0xff, 0xff, 0xf7, 0xa5, 0xf7, 0xff, 0xf7, 0x7f, 0xbf, 0xef, 0xde, 0x77,
      0xfb, 0xbd, 0x77, 0xdf, 0xee, 0x03, 0x70, 0xbf, 0xf5, 0xbf, 0x7a, 0x6d,
      0xaf, 0xb6, 0xed, 0xeb, 0x76, 0xbb, 0xff, 0xdf, 0xfd, 0xfb, 0x7d, 0xef,
      0xfe, 0xfe, 0xef, 0xff, 0x7f, 0xff, 0xbf, 0xf7, 0xfd, 0xff, 0xff, 0x06,
      0xd0, 0xed, 0xdf, 0xee, 0xaf, 0xfb, 0xfa, 0xfd, 0x7f, 0xbf, 0xff, 0xff,
      0x7b, 0xff, 0x7f, 0x4b, 0xff, 0xff, 0xff, 0xdf, 0xfd, 0xde, 0xfb, 0xef,
      0xee, 0xff, 0xff, 0xfb, 0xf7, 0x07, 0xb0, 0xfb, 0xbd, 0x7f, 0x7b, 0xad,
      0x57, 0x6b, 0xed, 0xf7, 0xde, 0xfe, 0xff, 0xf7, 0xdf, 0xd3, 0xdf, 0xfb,
      0xff, 0xf7, 0xbf, 0xff, 0x6e, 0xfb, 0xfb, 0x6d, 0xdf, 0xdf, 0x7d, 0x07,
      0x70, 0xdd, 0xf7, 0xf7, 0xef, 0x7f, 0xfd, 0xbe, 0xff, 0xaf, 0xfb, 0xbb,
      0xff, 0x7f, 0xfb, 0xeb, 0xff, 0xff, 0xbf, 0xff, 0xfb, 0xf7, 0xff, 0xbf,
      0x7f, 0xff, 0xf7, 0xff, 0xff, 0x07, 0xd0, 0xf7, 0xae, 0xdf, 0x5a, 0xd5,
      0xab, 0xeb, 0xad, 0xfd, 0xfe, 0xff, 0xfb, 0xfd, 0xff, 0x67, 0xfb, 0xbe,
      0xef, 0xff, 0xef, 0xbf, 0xbf, 0xfd, 0xff, 0xef, 0xff, 0xed, 0xf7, 0x07,
      0xb0, 0xda, 0xfb, 0xfe, 0xff, 0x7b, 0xfd, 0xbe, 0xff, 0xaf, 0xef, 0xfe,
      0x7f, 0xff, 0xb7, 0xf5, 0xbf, 0xff, 0xff, 0x7d, 0x7b, 0xff, 0xf5, 0xef,
      0xb6, 0xfb, 0xfe, 0x7f, 0x7f, 0x07, 0xf0, 0xef, 0xef, 0x6f, 0xab, 0xae,
      0xd7, 0xdb, 0xf5, 0xff, 0xfa, 0xef, 0xfe, 0xdf, 0xfd, 0xef, 0xff, 0xff,
      0xfb, 0xff, 0xff, 0xf7, 0x7f, 0xff, 0xff, 0xff, 0xef, 0xfb, 0xfb, 0x03,
      0x50, 0x75, 0xbd, 0xff, 0xff, 0xf5, 0x7e, 0x7f, 0xbf, 0xab, 0xff, 0xfd,
      0xff, 0xff, 0xff, 0xb7, 0xfb, 0xf7, 0x7e, 0xef, 0xed, 0x7e, 0xdf, 0xdb,
      0x6e, 0xdf, 0xfb, 0xff, 0xdf, 0x07, 0x90, 0xdf, 0x77, 0xb7, 0xad, 0xef,
      0xd5, 0xd6, 0xef, 0xff, 0xee, 0xff, 0xff, 0xf7, 0xdf, 0xfe, 0xdf, 0xfd,
      0xff, 0xff, 0xbf, 0xff, 0xfb, 0xff, 0xff, 0xfb, 0x7f, 0xdf, 0xf6, 0x07,
      0x90, 0xf5, 0xdf, 0xff, 0x77, 0x5d, 0xbf, 0x7f, 0xfb, 0xd7, 0x7b, 0xbf,
      0xfb, 0xfe, 0xfe, 0xff, 0xff, 0xff, 0xff, 0xfb, 0xfb, 0xbf, 0x7f, 0xf7,
      0xdb, 0x7f, 0xff, 0xfb, 0xff, 0x07, 0xf0, 0x6f, 0xf5, 0x7f, 0xdf, 0xfb,
      0xea, 0xd5, 0xbf, 0x7f, 0xff, 0xef, 0xff, 0xff, 0xff, 0x6f, 0xfb, 0xbf,
      0xdf, 0xfe, 0xfe, 0xfd, 0xf7, 0xbd, 0xff, 0xde, 0xf7, 0xff, 0xfe, 0x05,
      0xd0, 0xfb, 0xbf, 0xdd, 0x7d, 0xd7, 0xbf, 0xfb, 0xf6, 0xdb, 0xed, 0xfd,
      0xff, 0xbf, 0xb7, 0xfd, 0x7f, 0xff, 0xff, 0xbf, 0x6f, 0xff, 0xfd, 0xff,
      0xf6, 0xf7, 0xff, 0xbf, 0x77, 0x07, 0xf0, 0xde, 0xf6, 0xff, 0xd7, 0xbe,
      0xf6, 0xee, 0xff, 0x7e, 0xf7, 0xff, 0xde, 0xf7, 0xff, 0xff, 0xdf, 0xf7,
      0xff, 0xff, 0xff, 0x6f, 0xdf, 0xef, 0xbf, 0xff, 0xfd, 0xee, 0xff, 0x07,
      0xf0, 0xfb, 0x7b, 0x7f, 0xff, 0xed, 0xdd, 0xbb, 0xed, 0xef, 0x7d, 0xff,
      0xff, 0xfd, 0xff, 0x7f, 0xff, 0xff, 0x7d, 0xf7, 0xed, 0xff, 0xff, 0xfe,
      0xff, 0xfd, 0xdf, 0xff, 0xfd, 0x07, 0xf0, 0x77, 0xdf, 0xdf, 0x5b, 0xbb,
      0x77, 0xfd, 0xbe, 0xbf, 0xf7, 0xef, 0xff, 0xff, 0x76, 0xfb, 0xfb, 0x7f,
      0xdf, 0xff, 0xbf, 0xfe, 0xf7, 0x7b, 0xfb, 0xdf, 0xff, 0x7b, 0xef, 0x06,
      0xf0, 0xed, 0xfb, 0xff, 0xff, 0xed, 0xfd, 0xd7, 0xfb, 0xfb, 0xfe, 0x7f,
      0xff, 0xbf, 0xff, 0xff, 0xff, 0xde, 0xff, 0xff, 0xed, 0xf7, 0xbf, 0xdf,
      0xdf, 0xf7, 0xf6, 0xdf, 0xff, 0x07, 0xf0, 0xf7, 0xfe, 0x7e, 0xbb, 0xbb,
      0xb7, 0x7e, 0xdf, 0xdf, 0xf5, 0xfe, 0xf7, 0xef, 0xdf, 0xdf, 0xde, 0xff,
      0xff, 0xb7, 0xff, 0xff, 0xfe, 0xff, 0xf7, 0xfe, 0xff, 0xff, 0xfb, 0x07,
      0xf0, 0xbd, 0xef, 0xef, 0xef, 0xee, 0xde, 0xeb, 0xfd, 0x77, 0xdf, 0xef,
      0x7f, 0xfb, 0xf7, 0xfe, 0xff, 0xf7, 0x7f, 0xff, 0xbb, 0xfd, 0x6f, 0xf7,
      0xfe, 0xff, 0xff, 0x6d, 0xbf, 0x07, 0xf0, 0xef, 0xb5, 0x7b, 0xfb, 0xdb,
      0xfd, 0xbe, 0xf7, 0xfe, 0xfd, 0x7f, 0xff, 0xff, 0xfd, 0xf7, 0xfb, 0xfd,
      0xef, 0xff, 0xfe, 0xbf, 0xfb, 0xbf, 0xbf, 0x6f, 0xf7, 0xff, 0xf7, 0x07,
      0xf0, 0xfb, 0xff, 0xfe, 0xdf, 0xbf, 0xaf, 0xeb, 0xbe, 0x6f, 0xd7, 0xfb,
      0xf7, 0x7f, 0xff, 0xbd, 0xbf, 0x7f, 0xfb, 0xed, 0x6f, 0xef, 0xff, 0xff,
      0xfb, 0xfb, 0xff, 0x7b, 0xff, 0x05, 0xf0, 0xdf, 0xaa, 0xbf, 0x7d, 0xed,
      0x7b, 0xbf, 0xfb, 0xff, 0xfd, 0xfe, 0xff, 0xef, 0xbf, 0xff, 0xef, 0xff,
      0xff, 0xff, 0xfb, 0xfb, 0xbf, 0xfb, 0xfe, 0xfe, 0xdf, 0xdf, 0xfb, 0x07,
      0xf0, 0xfb, 0xfd, 0xff, 0xf7, 0xbf, 0xef, 0xea, 0xfe, 0xaf, 0xff, 0xdf,
      0x7e, 0xfb, 0xef, 0xff, 0xfe, 0xf7, 0xff, 0xff, 0xbe, 0xff, 0xf6, 0xdf,
      0xef, 0xff, 0xf6, 0xff, 0xbf, 0x07, 0x70, 0xdf, 0xd6, 0xdf, 0xde, 0xea,
      0xbb, 0xdf, 0xdf, 0xff, 0xba, 0xff, 0xff, 0xff, 0xfb, 0xed, 0xf7, 0xbe,
      0xbf, 0xed, 0xef, 0xff, 0xff, 0xfa, 0x7b, 0xdf, 0xff, 0xdb, 0xee, 0x07,
      0xf0, 0xff, 0xfb, 0xff, 0x7b, 0xbf, 0xd7, 0xba, 0x7e, 0xdb, 0xef, 0xff,
      0xef, 0x7f, 0x7f, 0x7f, 0xff, 0xff, 0xfb, 0xff, 0xfb, 0x76, 0xdf, 0xbf,
      0xff, 0xf7, 0xff, 0xff, 0xff, 0x07, 0xf0, 0xb7, 0xae, 0xdd, 0xee, 0xf7,
      0xbe, 0xf7, 0xf7, 0x7f, 0xfd, 0xb7, 0xfb, 0xef, 0xff, 0xff, 0xbf, 0xef,
      0xff, 0xff, 0xbe, 0xff, 0xfb, 0xef, 0xdd, 0xfd, 0xbe, 0xf7, 0xfd, 0x0d,
      0xf0, 0xff, 0xfb, 0xff, 0xbf, 0xdd, 0x6b, 0xad, 0xdd, 0xb7, 0xd7, 0xff,
      0xff, 0xfe, 0xf7, 0xf7, 0xfd, 0xfb, 0xdf, 0xf6, 0xef, 0xbf, 0x7f, 0xfb,
      0xff, 0xff, 0xf7, 0xbf, 0xef, 0x07, 0xf0, 0x6d, 0x77, 0xdf, 0xfa, 0xf7,
      0xde, 0xfb, 0xbf, 0xdf, 0xfe, 0xff, 0xfe, 0xff, 0xbe, 0x7d, 0xef, 0xff,
      0xfe, 0xff, 0xfb, 0xfd, 0xef, 0x7f, 0x77, 0xbf, 0xff, 0xff, 0x7e, 0x07,
      0x70, 0xff, 0xee, 0xff, 0x6f, 0xbf, 0xbb, 0xae, 0xeb, 0xfd, 0xf5, 0xde,
      0xdf, 0xdb, 0xff, 0xdf, 0xff, 0xff, 0xff, 0xdf, 0xbe, 0xdf, 0xfd, 0xee,
      0xff, 0xf7, 0xbf, 0xdb, 0xf7, 0x07, 0xf0, 0xff, 0xb5, 0xb7, 0xdd, 0xf5,
      0xf6, 0xfd, 0x7e, 0xaf, 0xbf, 0xff, 0xf7, 0xff, 0xef, 0xfd, 0x7f, 0xbf,
      0xef, 0xf6, 0xef, 0xf7, 0xbf, 0xff, 0xdd, 0xfd, 0xed, 0xff, 0xff, 0x07,
      0xf0, 0xbf, 0xef, 0xfe, 0xf7, 0xdf, 0xaf, 0xab, 0xef, 0x7f, 0xf7, 0xff,
      0xfd, 0xff, 0xbd, 0xff, 0xfb, 0xfb, 0xff, 0xff, 0xfb, 0xbd, 0xf6, 0xbb,
      0xff, 0xff, 0xff, 0xef, 0xfe, 0x07, 0xf0, 0xef, 0xb6, 0x6f, 0xbf, 0xf6,
      0x7a, 0xfd, 0xbd, 0xb5, 0xfd, 0x6f, 0xff, 0xee, 0xff, 0x6d, 0xdf, 0xff,
      0xfb, 0xfd, 0x7e, 0xff, 0xdf, 0xff, 0xf7, 0xbf, 0xff, 0xfd, 0xb7, 0x07,
      0xf0, 0xfb, 0xff, 0xdf, 0xed, 0xbf, 0x6f, 0xff, 0xff, 0xdf, 0xff, 0xff,
      0xff, 0xbf, 0xfb, 0xff, 0xfd, 0xdf, 0xbf, 0xff, 0xef, 0xff, 0x7f, 0x77,
      0xbf, 0xed, 0xdb, 0xbf, 0xff, 0x07, 0x70, 0xff, 0xaa, 0xfd, 0xfb, 0xea,
      0xd5, 0xf7, 0xff, 0x7f, 0xed, 0xff, 0xbf, 0xef, 0xff, 0xff, 0xf7, 0xfd,
      0xff, 0xff, 0xfb, 0xef, 0xff, 0xfd, 0xfb, 0xff, 0xfe, 0xf7, 0xfd, 0x07,
      0xf0, 0xbf, 0xff, 0xb7, 0xde, 0x7f, 0xff, 0xff, 0x77, 0xb7, 0xff, 0xfd,
      0xef, 0xfb, 0xff, 0xff, 0x7f, 0xff, 0xf6, 0xdd, 0xfe, 0xfb, 0xff, 0xef,
      0xfe, 0xff, 0x7f, 0xff, 0xff, 0x06, 0xf0, 0xef, 0xb7, 0xdf, 0xf7, 0xde,
      0xfb, 0x7e, 0xff, 0xff, 0xfe, 0xdf, 0xfe, 0xfd, 0xff, 0xff, 0xdf, 0xbf,
      0x7f, 0xff, 0xff, 0xfe, 0xf7, 0xbf, 0xdf, 0xf6, 0xef, 0xdf, 0xdf, 0x07,
      0xf0, 0xfd, 0xed, 0x7d, 0xbd, 0xfb, 0xbd, 0xdf, 0xff, 0xff, 0xfb, 0xff,
      0x7f, 0xff, 0xff, 0xff, 0xff, 0xf7, 0xff, 0xbf, 0xff, 0xff, 0xff, 0xff,
      0xf7, 0xbf, 0xfd, 0xf7, 0xff, 0x07, 0x70, 0x7f, 0xbf, 0xf7, 0xff, 0x7f,
      0xff, 0xff, 0xef, 0xbe, 0xef, 0xff, 0xff, 0xff, 0xbf, 0xff, 0xfe, 0xfe,
      0xef, 0xf7, 0xff, 0xff, 0xff, 0xff, 0xfd, 0xff, 0xff, 0xfe, 0xfe, 0x07,
      0xf0, 0xff, 0xf7, 0x5e, 0xb7, 0xf5, 0xff, 0xf7, 0xff, 0xf7, 0xff, 0xee,
      0xd6, 0xff, 0xff, 0xff, 0xff, 0xff, 0xfb, 0xfe, 0xfb, 0xff, 0x7f, 0xbf,
      0xff, 0xfb, 0xef, 0xbf, 0xf7, 0x07, 0xf0, 0xdf, 0xdd, 0xff, 0xff, 0xdf,
      0xbb, 0xff, 0xff, 0xff, 0xed, 0xff, 0xff, 0xff, 0xf7, 0xff, 0xff, 0x77,
      0xff, 0xf7, 0xfe, 0xff, 0xff, 0xff, 0xdf, 0x7f, 0xff, 0xef, 0xff, 0x06,
      0xf0, 0xf7, 0xb7, 0xf6, 0xb5, 0x76, 0xff, 0xff, 0xff, 0xff, 0xff, 0xff,
      0xff, 0xff, 0xff, 0xff, 0xff, 0xff, 0xff, 0xfb, 0x7f, 0xff, 0xfd, 0xff,
      0xfb, 0xde, 0xbb, 0xff, 0xbf, 0x0f, 0xf0, 0xfe, 0xfd, 0x5f, 0xff, 0xfb,
      0xff, 0xff, 0xfe, 0x7f, 0xff, 0xb7, 0x77, 0xf7, 0xfe, 0x77, 0xdf, 0xdd,
      0xef, 0xff, 0xff, 0x6f, 0xff, 0xf7, 0xfe, 0xff, 0xff, 0x7d, 0xef, 0x07,
      0xf0, 0xff, 0x6f, 0xfd, 0xad, 0xef, 0xff, 0xdd, 0xef, 0xf6, 0xbf, 0xff,
      0xfb, 0xbf, 0xbf, 0xfd, 0xf7, 0xff, 0xfd, 0x6e, 0xf7, 0xfb, 0x6f, 0xbf,
      0xdf, 0xff, 0xff, 0xef, 0xfb, 0x07, 0xf0, 0x7f, 0xbb, 0xb7, 0xff, 0xf6,
      0xdf, 0xff, 0xff, 0xff, 0xff, 0xff, 0x6f, 0xfb, 0xf5, 0x6f, 0x7f, 0x7f,
      0xff, 0xfd, 0x5d, 0xdf, 0xfe, 0xed, 0xf7, 0x7b, 0xf7, 0xfe, 0xff, 0x07,
      0x70, 0xef, 0xef, 0xfd, 0xaa, 0x7b, 0xf7, 0xff, 0xff, 0xff, 0xff, 0xbb,
      0xff, 0xdf, 0xff, 0xfe, 0xef, 0xdb, 0xbf, 0xff, 0xff, 0xf7, 0xdb, 0xff,
      0xfe, 0xde, 0xff, 0xdf, 0xfe, 0x07, 0xf0, 0xff, 0xbf, 0xb7, 0xff, 0xff,
      0xff, 0xfd, 0xff, 0xff, 0x7f, 0xff, 0xfd, 0xf7, 0xdf, 0xff, 0xfd, 0xff,
      0xf7, 0xff, 0xf6, 0xfe, 0xfe, 0xbe, 0xdf, 0xff, 0x7f, 0xf7, 0xef, 0x06,
      0xf0, 0xff, 0xd7, 0xfa, 0xbb, 0xf6, 0x7f, 0xdf, 0x7e, 0xef, 0xf7, 0xff,
      0xdf, 0x7e, 0xfb, 0xf7, 0xff, 0x7e, 0xff, 0xfb, 0xbf, 0xdf, 0xbf, 0xf7,
      0xfb, 0xff, 0xdd, 0xff, 0xff, 0x07, 0xf0, 0x7b, 0xff, 0xd7, 0xee, 0xff,
      0xff, 0xff, 0xf7, 0xff, 0xff, 0x7f, 0xf7, 0xff, 0xff, 0xbf, 0xbf, 0xef,
      0xdf, 0xfe, 0xee, 0xf7, 0xfb, 0xff, 0x7e, 0xb7, 0xff, 0xbf, 0xfd, 0x07,
      0xf0, 0xfe, 0xaf, 0xba, 0xff, 0xfd, 0xfb, 0xff, 0xfd, 0xff, 0xff, 0xdd,
      0xff, 0xf7, 0xff, 0xfd, 0xf7, 0xff, 0xfd, 0xff, 0xff, 0xfd, 0xde, 0xdd,
      0xef, 0xff, 0xfb, 0xf6, 0xff, 0x07, 0xf0, 0xff, 0xff, 0xd7, 0xbd, 0xdf,
      0xff, 0xb7, 0xee, 0xff, 0xff, 0xff, 0xb6, 0xdd, 0xb6, 0xef, 0xfe, 0x76,
      0xbf, 0xb7, 0x6d, 0xef, 0x77, 0xf7, 0xfe, 0xf6, 0xde, 0xff, 0x77, 0x07,
      0xf0, 0xdf, 0xdd, 0x7a, 0xf7, 0xfe, 0xdf, 0x7d, 0x7b, 0xff, 0xff, 0xff,
      0xff, 0xff, 0xff, 0xff, 0xbf, 0xff, 0xef, 0xfd, 0xff, 0xbf, 0xff, 0xff,
      0xf7, 0xff, 0xff, 0xbf, 0xfd, 0x07, 0xf0, 0xff, 0xbf, 0xaf, 0xdd, 0xff,
      0xff, 0xaf, 0xdf, 0xef, 0xfe, 0xff, 0xff, 0xff, 0xff, 0xff, 0xff, 0xff,
      0xff, 0xff, 0xff, 0xef, 0xfd, 0xff, 0xbf, 0xbd, 0xff, 0xef, 0xff, 0x07,
      0x70, 0xff, 0xff, 0x7d, 0x6b, 0xf7, 0xfd, 0xfb, 0xf6, 0xff, 0xff, 0xdd,
      0xff, 0xff, 0xff, 0xff, 0xff, 0xff, 0xfe, 0xff, 0xff, 0xfd, 0xff, 0xff,
      0xff, 0xef, 0xfb, 0xfe, 0xff, 0x07, 0xf0, 0xf7, 0xfe, 0xab, 0xbd, 0xff,
      0xff, 0xff, 0x5f, 0xff, 0xff, 0xff, 0xfe, 0xff, 0xff, 0xff, 0xff, 0xff,
      0xdf, 0xff, 0xff, 0xbf, 0xff, 0xff, 0xff, 0xfe, 0xdf, 0xff, 0xff, 0x06,
      0xf0, 0xff, 0xff, 0xdf, 0xd6, 0x7d, 0xff, 0xaf, 0xfd, 0xff, 0xff, 0xff,
      0xff, 0xff, 0xff, 0xdf, 0xff, 0xff, 0xff, 0xff, 0xbf, 0xef, 0xfd, 0xff,
      0xdf, 0x7b, 0xff, 0x7f, 0xff, 0x07, 0xf0, 0xbf, 0xef, 0x76, 0x7b, 0xff,
      0xff, 0xfa, 0xb7, 0xfb, 0xff, 0xfb, 0xff, 0xff, 0xff, 0xf7, 0xff, 0x7f,
      0xfb, 0xff, 0xef, 0xff, 0xbf, 0xef, 0xfd, 0xdf, 0xfb, 0xf7, 0xbf, 0x07,
      0xf0, 0xfd, 0xff, 0xdf, 0xed, 0xdf, 0xdf, 0x7f, 0xef, 0xff, 0xff, 0xbf,
      0xff, 0xff, 0xff, 0xfd, 0xff, 0xff, 0xdf, 0xff, 0xff, 0xbf, 0xff, 0xff,
      0xff, 0xfe, 0xdf, 0xfd, 0xff, 0x07, 0x70, 0xff, 0xfb, 0x7f, 0xdf, 0xf6,
      0xfb, 0xd7, 0xfd, 0xff, 0xff, 0xff, 0xff, 0xff, 0x7b, 0xff, 0xff, 0xff,
      0xff, 0xff, 0xff, 0xef, 0xfd, 0xff, 0xff, 0xf7, 0xff, 0xff, 0xef, 0x07,
      0xf0, 0xff, 0xff, 0xf7, 0xea, 0xff, 0xff, 0xff, 0x77, 0xff, 0xff, 0xfe,
      0xff, 0xff, 0xff, 0xff, 0xff, 0xff, 0xfe, 0xff, 0x5e, 0xfd, 0xff, 0xff,
      0xff, 0xff, 0xfe, 0xff, 0xff, 0x05, 0xf0, 0xdf, 0xff, 0xbd, 0xff, 0xff,
      0xff, 0xad, 0xde, 0xff, 0xff, 0xff, 0xff, 0xf7, 0xff, 0xff, 0xdf, 0xdf,
      0xdf, 0xff, 0xbf, 0xbb, 0xff, 0xff, 0xbf, 0xbf, 0xef, 0xf7, 0xfb, 0x07,
      0xf0, 0xff, 0xbd, 0xff, 0xbf, 0xfe, 0xff, 0xff, 0xf7, 0xff, 0xff, 0x7f,
      0xdb, 0x7d, 0xff, 0xff, 0xfb, 0xfb, 0xff, 0xdf, 0xb7, 0xfa, 0xdd, 0x7d,
      0xff, 0xfd, 0xff, 0xfe, 0x7e, 0x07, 0xf0, 0xff, 0xef, 0x6f, 0xfb, 0xff,
      0xff, 0xff, 0xfd, 0xff, 0xff, 0xfd, 0xff, 0xff, 0xdf, 0x7f, 0xff, 0xff,
      0xff, 0xfd, 0xdf, 0xdf, 0xff, 0xef, 0x77, 0xef, 0xff, 0xff, 0xff, 0x07,
      0x70, 0xf7, 0xff, 0xff, 0xd7, 0xee, 0xfe, 0xdf, 0xb7, 0xff, 0xff, 0xff,
      0x6e, 0xb7, 0x75, 0xeb, 0x6f, 0x6f, 0xbb, 0xb7, 0xb6, 0xf5, 0xb6, 0x7b,
      0xdf, 0xff, 0xfb, 0xdf, 0xff, 0x07, 0xf0, 0x7f, 0xff, 0xdb, 0xfe, 0xfb,
      0xdf, 0x7f, 0xff, 0xf7, 0xff, 0xff, 0xff, 0xff, 0xff, 0xff, 0xfb, 0xfb,
      0xff, 0xff, 0x4b, 0xfd, 0xff, 0xff, 0xfd, 0xff, 0xbe, 0xfd, 0xdf, 0x07,
      0xf0, 0xff, 0xf7, 0xff, 0xab, 0xfe, 0xff, 0xff, 0xfb, 0xff, 0x7f, 0xff,
      0xff, 0xfe, 0xff, 0xff, 0xff, 0xfe, 0xff, 0xff, 0x57, 0xdb, 0x7d, 0xef,
      0xff, 0xbd, 0xff, 0xff, 0xf7, 0x06, 0xf0, 0xff, 0xff, 0xb7, 0xfe, 0xff,
      0xff, 0xfb, 0xff, 0xff, 0xff, 0xff, 0xbe, 0xb7, 0xff, 0xff, 0xbe, 0xdf,
      0xff, 0xd7, 0xde, 0xf9, 0xef, 0x7b, 0xb7, 0xff, 0xdf, 0xff, 0xff, 0x07,
      0xf0, 0xee, 0x7d, 0xff, 0xb7, 0xf6, 0xff, 0xff, 0xff, 0xff, 0xff, 0xfe,
      0xf7, 0xff, 0xbb, 0xbf, 0xff, 0xf7, 0x7d, 0xff, 0x17, 0xdf, 0xfe, 0xff,
      0xff, 0xef, 0xf7, 0xff, 0xfd, 0x07, 0xf0, 0xff, 0xff, 0x6f, 0xff, 0xfd,
      0xff, 0xff, 0x7f, 0xff, 0xdf, 0xff, 0xfd, 0xff, 0xff, 0xff, 0xff, 0xff,
      0xdf, 0xbf, 0x6d, 0xf5, 0x7f, 0xdf, 0xfd, 0xff, 0xff, 0xee, 0xdf, 0x06,
      0xf0, 0xff, 0xef, 0xfb, 0x55, 0xdf, 0x7f, 0xff, 0xdf, 0xff, 0xff, 0xff,
      0xff, 0x6d, 0x77, 0xeb, 0xd5, 0xf6, 0xff, 0xed, 0xbf, 0x7f, 0xeb, 0x7d,
      0xf7, 0xfe, 0xbe, 0xff, 0xff, 0x07, 0xf0, 0xff, 0xfd, 0xbf, 0xff, 0xf5,
      0xf7, 0xbf, 0xfb, 0xff, 0xff, 0xff, 0xb7, 0xff, 0xff, 0xff, 0xff, 0xdf,
      0xfb, 0xff, 0xff, 0xee, 0xff, 0xef, 0xff, 0xdf, 0xf7, 0xff, 0xfe, 0x07,
      0x70, 0x77, 0x7f, 0xef, 0xb6, 0xff, 0xff, 0xff, 0xff, 0xff, 0x77, 0xfb,
      0xff, 0xff, 0xff, 0xff, 0xff, 0xff, 0xfe, 0x7f, 0xf7, 0xfb, 0xff, 0xff,
      0xff, 0xf7, 0xff, 0xff, 0xb7, 0x07, 0xf0, 0xff, 0xdf, 0xff, 0xef, 0xda,
      0xfe, 0xff, 0xff, 0xff, 0xff, 0xff, 0xff, 0xff, 0xff, 0xff, 0xff, 0xf7,
      0xff, 0xdb, 0xff, 0xff, 0xff, 0xff, 0xbb, 0xff, 0xee, 0xff, 0xff, 0x05,
      0xf0, 0xff, 0xff, 0xb7, 0xbd, 0xff, 0xff, 0xef, 0xff, 0xff, 0xfd, 0xff,
      0xef, 0xff, 0xff, 0xff, 0xff, 0xfd, 0xff, 0xf7, 0xff, 0xff, 0xff, 0xff,
      0xff, 0xbf, 0xff, 0xbb, 0xdf, 0x07, 0xf0, 0xff, 0xfb, 0xff, 0xf7, 0xb5,
      0xff, 0xff, 0xff, 0x7d, 0xb7, 0xff, 0xff, 0xff, 0xff, 0xff, 0xff, 0x7f,
      0xdf, 0xff, 0xff, 0xff, 0xff, 0x7f, 0xff, 0xed, 0xfb, 0xfe, 0xfd, 0x07,
      0xf0, 0xff, 0x7f, 0x6f, 0xbd, 0xff, 0xff, 0xff, 0xdf, 0xff, 0xff, 0xff,
      0xbf, 0xff, 0xff, 0xff, 0x7f, 0xdf, 0xff, 0xd7, 0xee, 0xff, 0xff, 0xff,
      0x7f, 0xff, 0xfe, 0xff, 0xef, 0x05, 0xf0, 0x76, 0xef, 0xfb, 0xef, 0x6d,
      0xfd, 0xfd, 0xfb, 0xff, 0xff, 0xfb, 0xfb, 0xfe, 0xf7, 0xff, 0xef, 0xf7,
      0xff, 0xff, 0xff, 0xff, 0xff, 0xf7, 0xdf, 0xdf, 0xff, 0xff, 0x7f, 0x07,
      0xf0, 0xff, 0xff, 0xff, 0x7d, 0xff, 0xef, 0xff, 0xff, 0xdf, 0xfe, 0xfe,
      0xff, 0xf7, 0xff, 0xff, 0xff, 0xff, 0xf7, 0x57, 0xfb, 0xff, 0xff, 0xde,
      0xff, 0xf7, 0xdf, 0x7f, 0xdb, 0x07, 0xf0, 0xff, 0xfb, 0x5f, 0xef, 0xdb,
      0xff, 0xff, 0xff, 0xff, 0xef, 0xff, 0xff, 0x7f, 0xff, 0xff, 0xdd, 0xff,
      0xfd, 0xff, 0xfe, 0xfe, 0xf7, 0xff, 0xff, 0xff, 0xff, 0xdf, 0xff, 0x07,
      0xf0, 0xff, 0xdf, 0xfb, 0x7b, 0xff, 0xd6, 0xbe, 0xff, 0xf6, 0xff, 0xff,
      0xdf, 0xef, 0xff, 0xbf, 0xff, 0xbd, 0xff, 0xab, 0xed, 0xbf, 0xff, 0xfb,
      0x7f, 0xff, 0xfd, 0xfd, 0xff, 0x07, 0xf0, 0xff, 0xff, 0xfe, 0xdf, 0xeb,
      0xff, 0xf7, 0xbb, 0xff, 0x7f, 0xff, 0xff, 0xfe, 0x7f, 0xf7, 0xff, 0xff,
      0xff, 0x7f, 0xbb, 0xef, 0xbf, 0xfe, 0xdf, 0xbb, 0xdf, 0xff, 0xab, 0x05,
      0xf0, 0xdf, 0xfb, 0xdf, 0xfa, 0xbf, 0x7f, 0xff, 0xff, 0xff, 0xee, 0xff,
      0xff, 0xff, 0xda, 0xff, 0xbb, 0xef, 0xff, 0xd7, 0xf6, 0xfe, 0xed, 0xff,
      0xfb, 0xff, 0xff, 0xff, 0xfe, 0x07, 0xf0, 0xfd, 0xdf, 0xff, 0x6f, 0xfd,
      0xdd, 0xbb, 0xba, 0xfb, 0xff, 0xff, 0xdf, 0xef, 0xff, 0xfe, 0xff, 0xff,
      0xff, 0xbf, 0xed, 0x6f, 0xff, 0xdf, 0xff, 0xff, 0xfb, 0xff, 0xff, 0x07,
      0xf0, 0xff, 0xf7, 0x77, 0xfb, 0xb7, 0xff, 0xff, 0xef, 0xbe, 0xff, 0xff,
      0xff, 0xfb, 0xff, 0x7f, 0xff, 0xfb, 0xee, 0x6b, 0xdb, 0xfe, 0xff, 0xf7,
      0xff, 0xee, 0xfe, 0xbd, 0xb7, 0x05, 0xf0, 0xff, 0x7f, 0xff, 0xdf, 0xff,
      0x7f, 0x77, 0xfb, 0xff, 0x77, 0xff, 0xff, 0x7e, 0xff, 0xff, 0xff, 0xfe,
      0xff, 0xdf, 0xfe, 0xfb, 0xdf, 0xfe, 0xff, 0xff, 0xbf, 0xff, 0xff, 0x07,
      0xf0, 0xff, 0xee, 0xbd, 0xf5, 0xb6, 0xdd, 0xff, 0xdf, 0xff, 0xff, 0xfb,
      0xbf, 0xff, 0xdb, 0xff, 0xf7, 0xbf, 0xff, 0xbb, 0xd5, 0xdf, 0xf6, 0xff,
      0xbf, 0xff, 0xff, 0xff, 0xed, 0x07, 0xf0, 0xdf, 0x7f, 0xff, 0xbf, 0xff,
      0xff, 0xdd, 0xfa, 0xfe, 0xfe, 0xff, 0xef, 0xff, 0xff, 0xff, 0xff, 0xff,
      0xff, 0x6f, 0x77, 0xff, 0xff, 0xff, 0xfb, 0xbb, 0xfb, 0x7f, 0xbf, 0x05,
      0xf0, 0xfb, 0xf7, 0x7f, 0xfb, 0xed, 0xff, 0xff, 0xb7, 0xb7, 0xdf, 0xff,
      0xff, 0xef, 0xfe, 0xbf, 0xbf, 0xef, 0xf7, 0xdb, 0xed, 0xfd, 0xff, 0xff,
      0xfe, 0xff, 0xff, 0xdf, 0xf7, 0x07, 0xf0, 0xff, 0xdf, 0xed, 0xef, 0x7f,
      0xbb, 0x77, 0xff, 0xff, 0xff, 0xff, 0xff, 0xfb, 0xff, 0xfe, 0xfb, 0xfb,
      0xff, 0xbf, 0xda, 0xef, 0xbf, 0xbb, 0xff, 0xfe, 0xdd, 0xfd, 0xff, 0x07,
      0xf0, 0xff, 0xff, 0xff, 0xba, 0xfb, 0xff, 0xfd, 0xf5, 0xfd, 0xf7, 0xfe,
      0xff, 0xfe, 0xdf, 0xff, 0xff, 0xff, 0xfe, 0xeb, 0xf7, 0x7b, 0xfb, 0xff,
      0xff, 0x6f, 0xff, 0xff, 0xd6, 0x06, 0xf0, 0xff, 0x6f, 0xff, 0xff, 0xde,
      0xff, 0xbf, 0xdf, 0xff, 0xff, 0xf7, 0xbf, 0xff, 0xfd, 0xff, 0xff, 0xff,
      0xef, 0x5f, 0xad, 0xff, 0xff, 0xff, 0xff, 0xff, 0xff, 0xff, 0xff, 0x07,
      0xf0, 0xfd, 0xfd, 0x6d, 0xdb, 0xff, 0xde, 0xef, 0xfa, 0xfd, 0xfe, 0xff,
      0xef, 0xbf, 0xff, 0x7f, 0xbf, 0xdf, 0xff, 0x75, 0xfb, 0xfe, 0xff, 0xff,
      0xdf, 0xfe, 0xff, 0xdf, 0xfd, 0x0d, 0xf0, 0xbf, 0xbf, 0xff, 0xff, 0xed,
      0xf7, 0xfe, 0xbf, 0xbf, 0xdf, 0xff, 0xff, 0xff, 0xff, 0xdf, 0xef, 0xfb,
      0xff, 0xdf, 0xd6, 0xb7, 0xdf, 0xfd, 0xfb, 0xf7, 0xee, 0xfe, 0xd7, 0x0f,
      0xf0, 0xff, 0xff, 0xfb, 0xb6, 0x7f, 0xff, 0xff, 0xf6, 0xff, 0xff, 0xfd,
      0xff, 0xf7, 0xdf, 0xff, 0xff, 0xff, 0xdb, 0xb7, 0x7d, 0xff, 0xfb, 0xdf,
      0xff, 0xbf, 0xff, 0x7f, 0xff, 0x0d, 0xfc, 0xff, 0x7f, 0xef, 0xfd, 0xee,
      0xff, 0xdb, 0xff, 0xfe, 0xf7, 0xff, 0xff, 0xfd, 0xfd, 0xfb, 0xff, 0xff,
      0xfe, 0xef, 0xd6, 0xfb, 0xff, 0xff, 0xff, 0xff, 0xff, 0xff, 0xfd, 0x07,
      0xfc, 0xf7, 0xdf, 0x7b, 0x57, 0xbb, 0xfa, 0xfe, 0xb5, 0xf7, 0xfd, 0xdf,
      0xef, 0x7f, 0xff, 0xff, 0xfb, 0xde, 0xff, 0xbb, 0x7b, 0xbf, 0xff, 0xff,
      0xee, 0xf6, 0xdd, 0xef, 0x77, 0x0f, 0x00, 0x00, 0x00, 0x00, 0x00, 0x00,
      0x00, 0x00, 0x00, 0x00, 0x00, 0x00, 0x00, 0x00, 0x00, 0x00, 0x00, 0x00,
      0x00, 0x00, 0x00, 0x00, 0x00, 0x00, 0x00, 0x00, 0x00, 0x00, 0x00, 0x00,
      0x00, 0x00, 0x00, 0x00, 0x00, 0x00, 0x00, 0x00, 0x00, 0x00, 0x00, 0x00,
      0x00, 0x00, 0x00, 0x00, 0x00, 0x00, 0x00, 0x00, 0x00, 0x00, 0x00, 0x00,
      0x00, 0x00, 0x00, 0x00, 0x00, 0x00, 0x00, 0x00, 0x00, 0x00, 0x00, 0x00,
      0x00, 0x00, 0x00, 0x00, 0x00, 0x00, 0x00, 0x00, 0x00, 0x00, 0x00, 0x00,
      0x00, 0x00, 0x00, 0x00, 0x00, 0x00, 0x00, 0x00, 0x00, 0x00, 0x00, 0x00,
      0x00, 0x00, 0x00, 0x00, 0x00, 0x00, 0x00, 0x00, 0x00, 0x00, 0x00, 0x00,
      0x00, 0x00, 0x00, 0x00, 0x00, 0x00, 0x00, 0x00, 0x00, 0x00, 0x00, 0x00,
      0x00, 0x00, 0x00, 0x00, 0x00, 0x00, 0x00, 0x00, 0x00, 0x00, 0x00, 0x00,
      0x00, 0x00, 0x00, 0x00, 0x00, 0x00, 0x00, 0x00, 0x00, 0x00, 0x00, 0x00,
      0x00, 0x00, 0x00, 0x00, 0x00, 0x00, 0x00, 0x00, 0x00, 0x00, 0x00, 0x00
   };

   const unsigned char arcane[] PROGMEM = {
      0xff, 0xff, 0xff, 0xff, 0xff, 0xff, 0xff, 0x0b, 0x44, 0x7f, 0xf8, 0xff,
      0xff, 0xff, 0x97, 0x74, 0x95, 0xaa, 0xfe, 0xff, 0xff, 0xff, 0xff, 0xff,
      0xff, 0xff, 0xff, 0xff, 0xff, 0xff, 0xff, 0xff, 0xff, 0xff, 0xff, 0xff,
      0xff, 0x57, 0x91, 0xed, 0x52, 0xdb, 0xb6, 0xfb, 0x2d, 0x55, 0xa2, 0xd4,
      0xff, 0xff, 0xff, 0xff, 0xff, 0xff, 0xff, 0xff, 0xff, 0xff, 0xff, 0xff,
      0xff, 0xff, 0xff, 0xff, 0xff, 0xff, 0xbf, 0xbd, 0x04, 0xbf, 0xe8, 0xef,
      0xff, 0x5e, 0x5f, 0xa9, 0x54, 0x6d, 0xfb, 0xff, 0xff, 0xff, 0xff, 0xfb,
      0xff, 0x6f, 0xff, 0xff, 0xff, 0xff, 0xff, 0xff, 0xff, 0xff, 0xff, 0xff,
      0xf7, 0x77, 0x51, 0x6a, 0xb5, 0x7a, 0xd5, 0xf7, 0xab, 0x8a, 0xaa, 0xfb,
      0xff, 0xff, 0xff, 0xff, 0xff, 0xde, 0xff, 0xff, 0xff, 0xff, 0xff, 0xff,
      0xff, 0xff, 0xff, 0xff, 0xff, 0xff, 0xfe, 0xde, 0x02, 0xde, 0xd0, 0xdf,
      0x7f, 0x7f, 0x2f, 0x54, 0xea, 0xfe, 0xff, 0xff, 0xff, 0xff, 0xff, 0x7f,
      0xff, 0xef, 0xfe, 0xff, 0xff, 0xff, 0xff, 0xff, 0xff, 0xff, 0xdf, 0xed,
      0xbf, 0xff, 0x57, 0x68, 0x65, 0x7b, 0xdb, 0xed, 0x45, 0x91, 0xfd, 0xff,
      0xff, 0xff, 0xff, 0xff, 0xff, 0xf7, 0xfd, 0xbb, 0xfb, 0xff, 0xff, 0xff,
      0xff, 0xff, 0xff, 0x7f, 0xf7, 0xff, 0xff, 0x5b, 0x0d, 0xd9, 0xd0, 0xed,
      0xff, 0xb7, 0xaa, 0x6a, 0xef, 0xff, 0xff, 0xff, 0xff, 0xff, 0xff, 0xbf,
      0xb7, 0xff, 0xfe, 0xff, 0xff, 0xff, 0x7f, 0xff, 0xff, 0xf7, 0xff, 0xff,
      0xfb, 0xff, 0x97, 0x20, 0x85, 0xbe, 0xaa, 0x7e, 0x25, 0xea, 0xfb, 0xff,
      0xff, 0xff, 0xff, 0xff, 0xff, 0xfd, 0xfd, 0xef, 0xdb, 0xff, 0xff, 0xff,
      0xff, 0xff, 0xbf, 0xff, 0xff, 0xbf, 0xbf, 0xef, 0x2d, 0x4a, 0x90, 0xeb,
      0xff, 0x55, 0x49, 0xbd, 0xff, 0xfd, 0xff, 0xff, 0xff, 0xff, 0xff, 0xdf,
      0xef, 0xbe, 0xfe, 0xff, 0xff, 0xff, 0xff, 0xef, 0xee, 0xff, 0xff, 0xfb,
      0xff, 0x7d, 0x9f, 0x00, 0x09, 0xbe, 0x55, 0x8f, 0xd4, 0xf7, 0xff, 0x7f,
      0xff, 0xff, 0xff, 0xff, 0xff, 0x7f, 0xbb, 0xdb, 0xf5, 0xff, 0xff, 0xff,
      0xdf, 0xff, 0xff, 0xff, 0x7f, 0xff, 0xfb, 0xff, 0x2b, 0x24, 0xa4, 0x68,
      0xff, 0x52, 0xb2, 0xfe, 0xbf, 0xff, 0xff, 0xff, 0xff, 0xff, 0xff, 0xff,
      0xef, 0x7f, 0xaf, 0xff, 0xff, 0xff, 0xff, 0xff, 0xff, 0xbf, 0xfb, 0xff,
      0xbe, 0xef, 0xbf, 0x90, 0x00, 0xa2, 0x12, 0x21, 0xed, 0xbf, 0xfd, 0xef,
      0xff, 0xff, 0xff, 0xff, 0xff, 0xff, 0xba, 0xaa, 0xfa, 0xfe, 0xff, 0xff,
      0xff, 0xff, 0xff, 0xf7, 0xff, 0xef, 0xff, 0x7b, 0x57, 0x0a, 0xaa, 0x08,
      0x49, 0x54, 0xbb, 0xed, 0xff, 0xfb, 0xff, 0xff, 0xff, 0xff, 0xff, 0xdf,
      0xef, 0xdf, 0xd5, 0xff, 0xff, 0xff, 0xff, 0xfd, 0xff, 0xff, 0xdf, 0xfd,
      0xef, 0xff, 0x3f, 0x54, 0x68, 0x21, 0x22, 0xc9, 0xfe, 0xff, 0xdf, 0xff,
      0xff, 0xff, 0xff, 0xff, 0xff, 0xff, 0xbf, 0x6a, 0x6f, 0xff, 0xff, 0xff,
      0x7f, 0xff, 0xff, 0xff, 0xfd, 0xbf, 0xfd, 0xfe, 0x7d, 0x35, 0xd5, 0x4a,
      0x88, 0xb4, 0xf7, 0xff, 0xf7, 0xff, 0xef, 0xff, 0xff, 0xff, 0xff, 0xff,
      0xfb, 0xdd, 0xda, 0xfd, 0xff, 0xff, 0xdf, 0xff, 0xfb, 0x7e, 0x7f, 0xef,
      0xff, 0xdf, 0x2f, 0x6c, 0xb8, 0x13, 0x25, 0xed, 0xbd, 0xbd, 0xfd, 0xff,
      0xff, 0xff, 0xff, 0xff, 0xff, 0xff, 0x5f, 0xab, 0xb5, 0xf7, 0xff, 0xff,
      0xff, 0x7f, 0xff, 0xef, 0xdf, 0xff, 0xb7, 0xf7, 0x7b, 0x59, 0x51, 0x4d,
      0x90, 0x7a, 0xff, 0xef, 0xff, 0xfd, 0xff, 0xff, 0xff, 0xff, 0xff, 0xff,
      0xff, 0x5d, 0x6f, 0xfd, 0xff, 0xff, 0xff, 0xff, 0xff, 0xff, 0xf7, 0x7b,
      0xff, 0x7d, 0x5f, 0xfc, 0xa4, 0x13, 0xa5, 0xdf, 0xef, 0xff, 0xff, 0x7f,
      0xff, 0xfb, 0xff, 0xff, 0xff, 0xff, 0xbf, 0xeb, 0xda, 0xff, 0xff, 0xff,
      0xff, 0xff, 0xff, 0xfb, 0xff, 0xdf, 0x7b, 0xff, 0x3f, 0xa9, 0x40, 0x44,
      0xe8, 0xf6, 0x7b, 0xfb, 0xbf, 0xdf, 0xff, 0xfe, 0xff, 0xff, 0xff, 0xff,
      0xef, 0x5f, 0xb7, 0xea, 0xff, 0xff, 0xff, 0xff, 0xbf, 0x7f, 0xff, 0xfe,
      0xdf, 0xef, 0x6d, 0xf8, 0x15, 0x11, 0xb5, 0xff, 0xfe, 0xbf, 0xed, 0xff,
      0xf7, 0xff, 0xff, 0xff, 0xff, 0xff, 0xff, 0xba, 0x6d, 0xbf, 0xff, 0xff,
      0xef, 0xff, 0xff, 0xdf, 0xf7, 0xf7, 0xfe, 0x7b, 0x1f, 0x51, 0x01, 0x44,
      0xfe, 0xdd, 0xdf, 0xef, 0xff, 0xfb, 0xff, 0xff, 0xff, 0xff, 0xff, 0xff,
      0xff, 0x6f, 0xdb, 0xea, 0xff, 0xff, 0xff, 0xbd, 0xef, 0xfb, 0xbf, 0xff,
      0x77, 0xff, 0x37, 0x74, 0xa9, 0x90, 0xd5, 0xff, 0xf7, 0xfe, 0xff, 0xff,
      0xff, 0xff, 0xff, 0xff, 0xff, 0xff, 0xff, 0xdf, 0xb6, 0xba, 0xff, 0xff,
      0xff, 0xff, 0xff, 0xfe, 0xfd, 0xdd, 0xfd, 0xb7, 0x5f, 0xc1, 0x02, 0x62,
      0x7f, 0xbb, 0xfd, 0xf7, 0x7d, 0xbf, 0xdf, 0xff, 0xfe, 0xff, 0xff, 0xff,
      0xff, 0xfb, 0x6d, 0xd7, 0xfd, 0xff, 0x7f, 0xff, 0xff, 0xff, 0xff, 0xff,
      0xdf, 0xfe, 0x16, 0x08, 0x48, 0xd4, 0xfb, 0xef, 0xbf, 0x7f, 0xef, 0xf7,
      0xfd, 0xbf, 0xff, 0xff, 0xff, 0xff, 0xff, 0x5f, 0xdb, 0x7a, 0xff, 0xff,
      0xdf, 0xff, 0xfb, 0xbf, 0x6f, 0xbf, 0xf7, 0xb7, 0x2f, 0xa1, 0x02, 0x75,
      0x6f, 0xff, 0xee, 0xdd, 0xff, 0xfd, 0xff, 0xfd, 0xff, 0xff, 0xff, 0xff,
      0xff, 0xff, 0xb5, 0xaa, 0xff, 0xff, 0xff, 0xff, 0x7f, 0xef, 0xfb, 0xfb,
      0xfd, 0xfe, 0x0d, 0x0a, 0x50, 0xda, 0xfd, 0xdd, 0xff, 0xff, 0xdd, 0x7f,
      0x7f, 0xff, 0xff, 0xff, 0xff, 0xff, 0xff, 0x7f, 0xaf, 0xd5, 0xf6, 0xff,
      0xff, 0x7f, 0xff, 0xff, 0xff, 0xdf, 0xbf, 0xb7, 0x4b, 0x57, 0x82, 0xee,
      0x6f, 0xf7, 0xbd, 0x6d, 0x77, 0xef, 0xf7, 0xff, 0xff, 0xff, 0xff, 0xff,
      0xff, 0xff, 0x7b, 0xbb, 0xfd, 0xff, 0xff, 0xdf, 0xdf, 0xfb, 0xbe, 0xf7,
      0xee, 0xff, 0x86, 0x1a, 0xa8, 0xbd, 0xfe, 0x7f, 0xf7, 0xff, 0xff, 0xfb,
      0xff, 0xff, 0xdf, 0xff, 0xff, 0xff, 0xff, 0xff, 0xaf, 0x56, 0xff, 0xff,
      0xef, 0xff, 0xff, 0xff, 0xef, 0xfd, 0xff, 0xb6, 0x15, 0xb5, 0xd0, 0xf6,
      0xdb, 0xdd, 0x5f, 0xdb, 0xdd, 0x7f, 0xbf, 0xdf, 0xff, 0xff, 0xff, 0xff,
      0xff, 0x7f, 0x7b, 0xb5, 0xd5, 0xff, 0xff, 0xff, 0xff, 0xdf, 0xfb, 0xbf,
      0xbb, 0xff, 0x41, 0x0a, 0xba, 0x6f, 0x7f, 0xf7, 0xfa, 0x7f, 0xff, 0xde,
      0xfb, 0xf7, 0xff, 0xff, 0xff, 0xff, 0xff, 0xff, 0xaf, 0x6d, 0xfb, 0xff,
      0xff, 0xfd, 0xef, 0xfe, 0xfe, 0xef, 0xef, 0xad, 0x0a, 0x48, 0xea, 0xfa,
      0xf5, 0xbf, 0x6f, 0xd5, 0xdb, 0xf7, 0xff, 0xff, 0xfb, 0xff, 0xff, 0xff,
      0xff, 0xff, 0xff, 0xaa, 0x6e, 0xff, 0xff, 0xff, 0xff, 0xf7, 0xbf, 0xfd,
      0xfe, 0xff, 0x20, 0x81, 0xbe, 0xdf, 0xdf, 0xea, 0xfd, 0xff, 0xfe, 0xfe,
      0xef, 0xfe, 0xff, 0xf7, 0xff, 0xff, 0xff, 0xff, 0xaf, 0xb7, 0xf5, 0xff,
      0xef, 0xff, 0xfd, 0xff, 0xff, 0xff, 0x77, 0x5b, 0x09, 0x54, 0xf5, 0x7d,
      0xbb, 0xbf, 0x57, 0xbb, 0xb7, 0xbf, 0xfd, 0xff, 0xff, 0xfe, 0xff, 0xff,
      0xff, 0xff, 0xfb, 0x6a, 0xad, 0xfd, 0xff, 0xdf, 0xbf, 0xbd, 0xdb, 0xdb,
      0xfd, 0x2f, 0x40, 0xa0, 0x5f, 0xd7, 0xee, 0x76, 0xfd, 0xef, 0xff, 0xeb,
      0xff, 0xbf, 0xbf, 0xff, 0xff, 0xff, 0xff, 0xff, 0xff, 0x5f, 0x7b, 0xff,
      0xff, 0xf7, 0xff, 0xff, 0xff, 0x7e, 0xdf, 0xba, 0x12, 0x69, 0xfb, 0xff,
      0xbb, 0xdb, 0xb7, 0x7a, 0x6d, 0xff, 0xdb, 0xf6, 0xf7, 0xff, 0xff, 0xff,
      0xff, 0xff, 0x7f, 0xb5, 0xd6, 0xed, 0xff, 0xfe, 0xff, 0xef, 0xfe, 0xdf,
      0xf7, 0x0f, 0x00, 0xd4, 0x6f, 0x55, 0xed, 0x7e, 0xdd, 0xdf, 0xff, 0xbb,
      0xff, 0xff, 0xfd, 0xff, 0xff, 0xff, 0xff, 0xff, 0xff, 0xef, 0xb5, 0xfe,
      0xef, 0xff, 0xef, 0xfe, 0xb7, 0xf7, 0xbf, 0x95, 0x24, 0x7d, 0xdd, 0xff,
      0xb7, 0xeb, 0xf7, 0xf6, 0xd6, 0xfe, 0xfe, 0xff, 0xff, 0xff, 0xff, 0xff,
      0xff, 0xff, 0xff, 0x5b, 0x6d, 0xfb, 0xff, 0xff, 0xfb, 0xbf, 0xff, 0xfd,
      0xf6, 0x0b, 0x80, 0xea, 0x7b, 0x55, 0xdd, 0x5e, 0xbd, 0xdf, 0xff, 0xef,
      0xb7, 0xbd, 0xff, 0xff, 0xfd, 0xff, 0xff, 0xff, 0xff, 0xbe, 0xdb, 0xee,
      0xff, 0xff, 0xff, 0xf7, 0x7d, 0xbf, 0xbf, 0x22, 0x29, 0x5f, 0xd7, 0x6e,
      0x7b, 0xfb, 0xf7, 0x7a, 0xb5, 0xbd, 0xfd, 0xef, 0xff, 0x7f, 0xff, 0xff,
      0xff, 0xff, 0xff, 0x6f, 0x55, 0xbb, 0xff, 0xff, 0xff, 0xfd, 0xef, 0xef,
      0xfb, 0x08, 0xc0, 0xfa, 0x6e, 0xdb, 0xad, 0x57, 0xdd, 0xd7, 0xff, 0xf7,
      0xdf, 0xff, 0xff, 0xdf, 0xff, 0xff, 0xff, 0xff, 0xff, 0xff, 0xbb, 0xed,
      0xff, 0xbf, 0x7f, 0x7f, 0xff, 0xfb, 0xae, 0x42, 0xd5, 0xd7, 0xb5, 0x6d,
      0xf7, 0xfe, 0xb7, 0x7e, 0xab, 0xbe, 0xf7, 0xfe, 0xbb, 0xfb, 0xff, 0xff,
      0xff, 0xff, 0xff, 0xb7, 0xd6, 0xb6, 0xef, 0xee, 0xdf, 0xff, 0x77, 0xff,
      0xbf, 0x10, 0xb0, 0xba, 0xee, 0xb6, 0x5d, 0xab, 0xee, 0xf5, 0xfd, 0xfb,
      0xfe, 0x77, 0xff, 0xff, 0xff, 0xff, 0xff, 0xff, 0xff, 0xff, 0x6d, 0xed,
      0xff, 0xff, 0xfb, 0xff, 0xfd, 0xdf, 0x2b, 0x84, 0xec, 0xef, 0x5d, 0xdb,
      0xf6, 0xf6, 0xbd, 0x5f, 0x6f, 0xef, 0x6f, 0xff, 0xff, 0xff, 0xff, 0xfe,
      0xff, 0xff, 0xff, 0xbf, 0xdb, 0xbb, 0xff, 0xff, 0xff, 0xef, 0xff, 0xfd,
      0x8e, 0x20, 0x5a, 0xb5, 0xea, 0x6e, 0xab, 0x5d, 0xeb, 0xfa, 0xfd, 0xbd,
      0xfd, 0xef, 0xf7, 0xff, 0xff, 0xff, 0xff, 0xff, 0xff, 0xff, 0xb7, 0xd6,
      0xff, 0xff, 0xff, 0x7f, 0xbf, 0xbf, 0x2b, 0x0a, 0xed, 0x6d, 0xdf, 0xb5,
      0x7d, 0xf7, 0xbe, 0x57, 0x57, 0xf7, 0xb7, 0x7d, 0x7f, 0xff, 0xff, 0xff,
      0xff, 0xff, 0xff, 0xff, 0xde, 0xbd, 0xff, 0xbf, 0xbd, 0xff, 0xff, 0xf7,
      0x05, 0x40, 0xb7, 0xde, 0xb5, 0xee, 0xd6, 0xae, 0xeb, 0xfe, 0xfd, 0x5d,
      0xfd, 0xdf, 0xff, 0xf7, 0xdf, 0xff, 0xff, 0xff, 0xff, 0xff, 0xbb, 0x6a,
      0xdf, 0xed, 0xef, 0xfb, 0xf7, 0xbf, 0xa2, 0xa4, 0xde, 0x6b, 0x6b, 0x5b,
      0xbb, 0x75, 0xbd, 0x55, 0xb7, 0xff, 0xef, 0xf6, 0xed, 0xff, 0xfe, 0xff,
      0xff, 0xff, 0xff, 0xbf, 0xef, 0xd7, 0xff, 0xff, 0xff, 0xff, 0xbe, 0xfd,
      0x08, 0xd0, 0x75, 0xdd, 0xde, 0xb6, 0x6d, 0xef, 0xd7, 0xff, 0xdd, 0x6a,
      0xbb, 0xff, 0xff, 0xbe, 0xff, 0xff, 0xff, 0xff, 0xff, 0xff, 0xbf, 0xba,
      0xff, 0xff, 0xfb, 0xde, 0xff, 0x17, 0x42, 0xa9, 0xef, 0xb6, 0xb5, 0x6d,
      0xdb, 0x5a, 0x7d, 0x55, 0xf7, 0xdf, 0xff, 0xbb, 0xbf, 0xff, 0xff, 0xdf,
      0xff, 0xff, 0xff, 0xff, 0xfb, 0xf7, 0xff, 0xbf, 0xbf, 0xff, 0xef, 0x5f,
      0x10, 0x74, 0xb5, 0x5b, 0x6b, 0xdb, 0xb6, 0x77, 0xab, 0xff, 0x5d, 0xf5,
      0xd6, 0xfe, 0xed, 0xef, 0xff, 0xfb, 0xff, 0xff, 0xff, 0xff, 0xaf, 0x5a,
      0xff, 0xf6, 0xff, 0xff, 0x7d, 0x85, 0x0a, 0xd5, 0xdb, 0xf6, 0xae, 0xb6,
      0x6d, 0xad, 0x7d, 0x55, 0xf7, 0xbf, 0xfb, 0xb7, 0xff, 0xff, 0xef, 0xfe,
      0xff, 0xff, 0xff, 0xff, 0xff, 0xf7, 0xbf, 0xff, 0xed, 0x77, 0xff, 0x2b,
      0x25, 0xba, 0xbe, 0xad, 0xf5, 0x6d, 0xdb, 0x7a, 0xd7, 0xef, 0x5e, 0xed,
      0xbe, 0xfd, 0xfb, 0xfd, 0xff, 0xff, 0xef, 0xff, 0xff, 0xff, 0x7f, 0x5d,
      0xff, 0xff, 0xff, 0xfd, 0x5f, 0x81, 0x8a, 0xed, 0xd5, 0x76, 0x5b, 0xab,
      0xb6, 0xd7, 0xba, 0xba, 0xeb, 0xb7, 0xf7, 0x6e, 0xdf, 0xff, 0xfe, 0xff,
      0xff, 0xff, 0xff, 0xff, 0xff, 0xf7, 0xff, 0xbf, 0x7f, 0xff, 0x77, 0xd2,
      0x42, 0xbf, 0xbf, 0xad, 0x56, 0xed, 0x6d, 0x6d, 0xd7, 0xed, 0xbe, 0xfd,
      0xae, 0xff, 0xf7, 0xb7, 0xff, 0xff, 0xff, 0xff, 0xff, 0xff, 0xdf, 0xdd,
      0xff, 0xff, 0xf7, 0xbf, 0x5f, 0xa4, 0xa9, 0x6a, 0xd5, 0x7b, 0xed, 0x5a,
      0xd5, 0xda, 0xbd, 0xbb, 0x75, 0xd7, 0xfd, 0x6d, 0x7d, 0xff, 0xef, 0xff,
      0xff, 0xf7, 0xff, 0xff, 0xff, 0x77, 0xff, 0xef, 0xff, 0xff, 0x15, 0x21,
      0xe0, 0xdf, 0xbb, 0xd6, 0x5b, 0x57, 0xbb, 0xb5, 0xd6, 0x6e, 0xef, 0xbe,
      0xd7, 0xfe, 0xff, 0xfd, 0xff, 0xff, 0xfd, 0xff, 0xff, 0xff, 0xff, 0xdf,
      0xdf, 0xfb, 0xfd, 0x77, 0x47, 0x44, 0x55, 0x75, 0xed, 0xad, 0xb6, 0xba,
      0x56, 0x6f, 0xbb, 0xb5, 0xdd, 0x75, 0xfd, 0xab, 0xb7, 0xdf, 0xfb, 0xde,
      0xff, 0xff, 0xff, 0xff, 0xff, 0xf6, 0xff, 0xff, 0x7f, 0xff, 0x89, 0x12,
      0xf8, 0xef, 0xb7, 0x7a, 0xed, 0xd5, 0xed, 0xda, 0xd6, 0xee, 0xb6, 0xef,
      0x57, 0xff, 0xfe, 0xf7, 0xff, 0xff, 0x7f, 0xff, 0xff, 0xff, 0xff, 0xbf,
      0xff, 0xff, 0xdf, 0xaf, 0xb0, 0x45, 0xaa, 0x5a, 0x6d, 0xd7, 0x5a, 0xad,
      0x5a, 0xb5, 0xbd, 0xbb, 0xdb, 0x5a, 0xfd, 0xed, 0xdb, 0xfe, 0xfe, 0xff,
      0xff, 0xff, 0xff, 0xff, 0xff, 0xff, 0xbf, 0xff, 0xff, 0x5d, 0x6a, 0x0b,
      0xfd, 0xff, 0xb6, 0xad, 0x57, 0xdb, 0xd6, 0x56, 0x6b, 0x6d, 0x77, 0xf7,
      0x57, 0xbf, 0xfe, 0xbf, 0xdf, 0xfb, 0xff, 0xff, 0xfb, 0xff, 0xff, 0xb7,
      0xef, 0x7f, 0xf7, 0x2b, 0xdc, 0x25, 0xab, 0xaa, 0xdd, 0x7a, 0xb5, 0xb6,
      0xb5, 0xed, 0xd6, 0xdb, 0xda, 0x5d, 0xfd, 0xf5, 0xb7, 0xed, 0xff, 0xff,
      0xf7, 0xff, 0xff, 0xff, 0xff, 0xff, 0xff, 0xfb, 0xbf, 0x86, 0x76, 0x93,
      0xfe, 0xdf, 0xbb, 0x57, 0xed, 0xaa, 0xaa, 0x5a, 0xbd, 0xb6, 0x6f, 0xfb,
      0x57, 0xdf, 0xfe, 0xff, 0xfb, 0xbe, 0xff, 0xf7, 0xff, 0xff, 0xff, 0xff,
      0xff, 0xff, 0xff, 0x28, 0xff, 0xc2, 0xad, 0x6a, 0x6d, 0xed, 0x9a, 0x6d,
      0xb7, 0xb5, 0x6b, 0x6d, 0xf5, 0xae, 0xfe, 0x75, 0xd7, 0xf6, 0xfe, 0xff,
      0xff, 0xfe, 0xff, 0xfb, 0xff, 0x6f, 0xff, 0xbf, 0x55, 0xc5, 0xd5, 0xa9,
      0xfe, 0xbf, 0xdb, 0x55, 0x77, 0x5b, 0x6d, 0x6b, 0xd5, 0xdb, 0x5b, 0xfb,
      0x55, 0xdf, 0xfb, 0xbf, 0xdf, 0xff, 0xff, 0xff, 0xfe, 0xff, 0xff, 0xfd,
      0xff, 0xff, 0x2f, 0x48, 0x7f, 0xe4, 0xab, 0xea, 0xb6, 0xbe, 0xaa, 0xaa,
      0x55, 0x5d, 0xbb, 0xb6, 0xee, 0xad, 0xfe, 0xf5, 0xbe, 0xed, 0xff, 0xf7,
      0xbd, 0xff, 0xff, 0xff, 0xbf, 0xff, 0xff, 0x6e, 0x45, 0xe5, 0xad, 0x58,
      0xff, 0xdf, 0xed, 0xd5, 0xad, 0xb5, 0xaa, 0x6a, 0xad, 0xed, 0xba, 0x76,
      0xab, 0xdf, 0xf7, 0xff, 0xfd, 0xfe, 0xff, 0xff, 0xff, 0xff, 0xf7, 0xff,
      0xbf, 0xff, 0x2a, 0x52, 0x3f, 0xf5, 0xad, 0xba, 0x5e, 0xab, 0x5a, 0x6b,
      0xdb, 0xd5, 0x76, 0x5b, 0xd7, 0xdb, 0x7f, 0x75, 0x5d, 0xdb, 0xb7, 0x7f,
      0xff, 0xff, 0x7f, 0xff, 0xff, 0xff, 0xff, 0x97, 0x44, 0xe9, 0x2b, 0xac,
      0xf7, 0xd7, 0x6b, 0x7d, 0xb7, 0xd6, 0xb6, 0xae, 0xad, 0xb6, 0xbd, 0x6e,
      0xd5, 0xdf, 0xf7, 0x7f, 0xff, 0xff, 0xff, 0xef, 0xff, 0xff, 0xff, 0xff,
      0xff, 0xad, 0x2a, 0xb2, 0x4f, 0xfd, 0xde, 0xbe, 0xb6, 0xcb, 0x6a, 0xad,
      0xaa, 0x59, 0xd5, 0x6d, 0xeb, 0xf5, 0xbb, 0xba, 0xde, 0xda, 0xfb, 0xef,
      0xef, 0xfd, 0xee, 0xff, 0xff, 0xff, 0x6f, 0x2b, 0x91, 0xf4, 0x12, 0xeb,
      0x75, 0xeb, 0x6d, 0xbd, 0xd6, 0x5a, 0x55, 0xb7, 0xad, 0xda, 0x56, 0x5f,
      0xed, 0xf7, 0xf5, 0xff, 0xde, 0xfd, 0xff, 0xff, 0xff, 0xff, 0xff, 0xff,
      0xbf, 0x52, 0x25, 0xa9, 0xa5, 0xbe, 0xdf, 0x5d, 0xdb, 0x66, 0xad, 0xd5,
      0xb6, 0x54, 0xbb, 0xb5, 0xbd, 0x6a, 0xb7, 0x5a, 0x5f, 0xeb, 0xff, 0xff,
      0xfe, 0xff, 0xff, 0xff, 0xfe, 0xff, 0xab, 0xaa, 0x4a, 0x72, 0x89, 0x7b,
      0x7b, 0xf7, 0xb6, 0xdd, 0xb5, 0xb6, 0xd5, 0x6d, 0x55, 0x6f, 0xeb, 0xdd,
      0xdd, 0xef, 0xf5, 0xbd, 0x6d, 0xbf, 0x7f, 0xff, 0xff, 0xff, 0xff, 0xff,
      0x55, 0xb5, 0x92, 0x94, 0x64, 0xef, 0xed, 0xad, 0xdd, 0xaa, 0xd6, 0xaa,
      0x5a, 0x55, 0xeb, 0xaa, 0x56, 0x6b, 0x7b, 0xb5, 0x5f, 0xff, 0xff, 0xfb,
      0xef, 0xef, 0xfe, 0xef, 0xff, 0xff, 0xad, 0xee, 0xa4, 0x22, 0xd1, 0xba,
      0x5f, 0x7b, 0xb7, 0x77, 0xad, 0x6d, 0x55, 0x6b, 0xad, 0xda, 0xbd, 0xdd,
      0xd6, 0x7e, 0xf5, 0xab, 0xed, 0xfe, 0xff, 0xff, 0x7f, 0xff, 0xff, 0xff,
      0x55, 0xbb, 0x5a, 0x95, 0xa4, 0xdf, 0xfa, 0xae, 0x6d, 0xad, 0x5b, 0xab,
      0xb6, 0x5a, 0x5b, 0xb7, 0x6a, 0xbb, 0xbd, 0xab, 0xdf, 0xfe, 0xbf, 0xdf,
      0xfb, 0xfb, 0xef, 0xff, 0xff, 0xff, 0x6d, 0xad, 0xea, 0x25, 0xf9, 0xfd,
      0xd7, 0x7b, 0xdb, 0x5a, 0xb5, 0xda, 0xaa, 0xd6, 0x6a, 0x55, 0xd7, 0xd6,
      0xd6, 0xfe, 0xba, 0x5b, 0xf5, 0xf7, 0xff, 0xff, 0xff, 0xff, 0xff, 0xff,
      0x5b, 0x55, 0xbd, 0x4b, 0xaa, 0x57, 0xbd, 0xd6, 0x6d, 0x77, 0x6b, 0x55,
      0xd5, 0xaa, 0xaa, 0xed, 0xba, 0x6d, 0x7b, 0xab, 0xf7, 0xfe, 0xbf, 0xfd,
      0x7e, 0xbf, 0xfb, 0xff, 0xff, 0xff, 0xef, 0xaa, 0xea, 0x96, 0xf4, 0xfe,
      0xf7, 0xbd, 0xb6, 0xcd, 0xd6, 0xb6, 0xb6, 0xaa, 0x56, 0x5b, 0x57, 0xbb,
      0xd7, 0xdd, 0xae, 0x6b, 0xf7, 0xff, 0xdf, 0xff, 0xff, 0xbf, 0xdf, 0xff,
      0xfb, 0x55, 0xfd, 0x15, 0xbd, 0xdb, 0x5e, 0xf7, 0x6d, 0xbb, 0x5a, 0xad,
      0x55, 0x6d, 0xb5, 0xaa, 0xfa, 0xd6, 0xba, 0x76, 0x7b, 0xdf, 0xbd, 0xf7,
      0xff, 0xf7, 0xff, 0xfd, 0xf7, 0xf7, 0xbf, 0x57, 0x55, 0xab, 0xea, 0xff,
      0xf5, 0xad, 0xb6, 0xd5, 0xb6, 0x55, 0xad, 0x55, 0x6b, 0xdb, 0x96, 0x6d,
      0xf7, 0xad, 0xed, 0x7a, 0xef, 0xbe, 0xfd, 0xff, 0x7f, 0xff, 0xff, 0xff,
      0xff, 0x5d, 0x75, 0x09, 0x7f, 0xab, 0x5f, 0x7b, 0x6f, 0x5b, 0xad, 0x6a,
      0x55, 0xd5, 0x5a, 0xb5, 0x75, 0xdb, 0x5a, 0xfb, 0xb6, 0xd7, 0xfb, 0xfb,
      0xff, 0x7f, 0xfb, 0xff, 0xff, 0xff, 0xff, 0xaf, 0x4a, 0xd2, 0xf6, 0xff,
      0xfa, 0xae, 0xb5, 0xed, 0x6a, 0x57, 0x6b, 0xad, 0xd6, 0x56, 0xad, 0xb6,
      0xb7, 0xae, 0x6f, 0x7d, 0xaf, 0xef, 0xb7, 0xdd, 0xff, 0xff, 0xff, 0xff,
      0xff, 0x7f, 0x55, 0x95, 0xdd, 0xda, 0xd7, 0xfb, 0x6e, 0x5b, 0xd7, 0xac,
      0x5a, 0xab, 0xaa, 0x6a, 0x6b, 0x6d, 0xed, 0x75, 0xf5, 0xd7, 0xfd, 0xbe,
      0xfd, 0xff, 0xff, 0xdf, 0xfd, 0xff, 0xdf, 0x6f, 0x55, 0x65, 0xff, 0xbf,
      0xbe, 0x56, 0xdb, 0xd6, 0xba, 0x6b, 0x55, 0xd5, 0xaa, 0xd6, 0xda, 0xdb,
      0x5a, 0xef, 0x5f, 0x7d, 0xb7, 0xfb, 0xff, 0xff, 0xef, 0xf7, 0xff, 0xff,
      0xf7, 0xfd, 0xaa, 0xa8, 0xb7, 0xf6, 0xeb, 0xbd, 0x6d, 0xbb, 0x56, 0x5a,
      0xab, 0xaa, 0xb6, 0xb5, 0xb6, 0xaa, 0xb7, 0xb5, 0xea, 0xeb, 0xfd, 0x6f,
      0x7f, 0xef, 0x7d, 0xff, 0xff, 0xfb, 0xff, 0xbf, 0x2a, 0xeb, 0xfd, 0x6f,
      0xbf, 0xd6, 0xdb, 0xd6, 0xaa, 0xd5, 0xda, 0x5a, 0x55, 0xad, 0x55, 0x7b,
      0x6d, 0x6f, 0xb7, 0x5e, 0x57, 0xfd, 0xf7, 0xff, 0xff, 0xff, 0xff, 0xfe,
      0xfd, 0xef, 0x55, 0xb2, 0x6f, 0xbd, 0xd5, 0x7f, 0x6d, 0xad, 0x6d, 0xab,
      0x56, 0xd5, 0xaa, 0x6a, 0xed, 0xd6, 0xda, 0xda, 0xfa, 0xf5, 0xfd, 0xb7,
      0xfd, 0x7b, 0xff, 0xff, 0xdf, 0xff, 0x77, 0x7b, 0x55, 0xed, 0xfb, 0xf7,
      0x7f, 0xd5, 0xdb, 0x7b, 0xdb, 0x5a, 0x55, 0xab, 0xb6, 0x55, 0x5b, 0xad,
      0xb7, 0xbb, 0xaf, 0x5e, 0xb7, 0xfd, 0xdf, 0xfe, 0xef, 0xfb, 0xfd, 0xff,
      0xdd, 0x5f, 0xad, 0x7a, 0xdf, 0x5e, 0xd5, 0x6f, 0x6d, 0x55, 0x55, 0xb5,
      0xb5, 0x5a, 0x55, 0xad, 0xaa, 0x75, 0x6d, 0xed, 0xba, 0xfb, 0xdd, 0x6f,
      0xff, 0xff, 0xfb, 0x7e, 0xff, 0xff, 0x77, 0xb5, 0x55, 0xed, 0xfb, 0xfb,
      0x7f, 0xb5, 0xbb, 0x6f, 0xdb, 0xae, 0xaa, 0xd6, 0xaa, 0x6a, 0xb5, 0xae,
      0xda, 0x5b, 0xd7, 0x56, 0x77, 0xfd, 0xfd, 0x6f, 0xff, 0xff, 0xff, 0xff,
      0xdd, 0x6f, 0x5d, 0xfd, 0x5e, 0xaf, 0xd5, 0xdf, 0xd6, 0xda, 0xb6, 0x55,
      0xdb, 0xaa, 0xb6, 0xd5, 0x6e, 0xd5, 0xb7, 0xf6, 0x7e, 0xbf, 0xdd, 0xd7,
      0xb7, 0xfb, 0xff, 0xff, 0xff, 0xff, 0xb7, 0xda, 0x56, 0xb7, 0xf7, 0xfd,
      0xbe, 0xea, 0xbd, 0xb5, 0xad, 0xea, 0xaa, 0xaa, 0xaa, 0xae, 0xd5, 0x6d,
      0xb5, 0xad, 0xd5, 0xd5, 0xf7, 0x7e, 0xff, 0xff, 0xb7, 0xef, 0xff, 0xf7,
      0xfd, 0x75, 0x5d, 0xfd, 0x7f, 0xb7, 0xf7, 0xb7, 0x56, 0x6b, 0xd5, 0x56,
      0xb5, 0xb6, 0xd5, 0x6a, 0x35, 0x5b, 0x6d, 0x7b, 0xb7, 0x6e, 0xdd, 0xdb,
      0xed, 0x7e, 0xff, 0xfb, 0x77, 0xff, 0xdf, 0xee, 0xd5, 0xdf, 0xf6, 0xdf,
      0xad, 0xfa, 0xfd, 0xde, 0xb6, 0xad, 0x56, 0x55, 0xad, 0x5a, 0xed, 0xea,
      0xda, 0xd6, 0xfa, 0xfd, 0xbb, 0xee, 0xff, 0xdf, 0xff, 0xff, 0xfe, 0xff,
      0xff, 0x5b, 0x5b, 0xf7, 0xdf, 0x7a, 0xff, 0xaf, 0x56, 0xab, 0x6d, 0x75,
      0x6d, 0xab, 0x6a, 0x55, 0xab, 0x56, 0xb7, 0xdd, 0x57, 0xab, 0xee, 0x7b,
      0x6d, 0xf7, 0xdb, 0xfe, 0xff, 0xff, 0xff, 0x6f, 0xb5, 0xff, 0xfd, 0xef,
      0x55, 0x7d, 0xdb, 0x76, 0x5b, 0xab, 0x55, 0xb5, 0x55, 0xab, 0x5a, 0x6d,
      0x6d, 0x6b, 0xbd, 0xdf, 0xdd, 0xde, 0xff, 0xff, 0xff, 0xbf, 0xff, 0xef,
      0xff, 0xdf, 0xeb, 0xbd, 0xb7, 0xbd, 0xff, 0xab, 0x77, 0xdb, 0xaa, 0x56,
      0xab, 0x56, 0xad, 0xda, 0xd6, 0x5a, 0xdb, 0xde, 0xd6, 0x6a, 0xbb, 0x7b,
      0xdb, 0xff, 0xfe, 0xef, 0xdf, 0xfd, 0x7f, 0xbb, 0x76, 0xef, 0xff, 0xf7,
      0xaa, 0xfe, 0xee, 0xb6, 0x76, 0x6d, 0xed, 0x6a, 0xdb, 0x56, 0xb5, 0xd6,
      0xaa, 0xb5, 0xbd, 0xfb, 0xf6, 0xee, 0x7f, 0xbb, 0xb7, 0xfb, 0xf7, 0xff,
      0xff, 0xef, 0xda, 0xff, 0xb6, 0xde, 0xff, 0xab, 0x5d, 0x6b, 0xdb, 0xda,
      0x5a, 0xad, 0xaa, 0xaa, 0xaa, 0xb5, 0x76, 0x6b, 0xeb, 0xae, 0xaf, 0xbb,
      0xea, 0xff, 0xff, 0xff, 0xff, 0xff, 0xff, 0xbf, 0xf7, 0xbf, 0xff, 0x7b,
      0x55, 0xdf, 0xeb, 0xde, 0xb6, 0xab, 0xd5, 0x5a, 0x55, 0xd5, 0x56, 0xad,
      0xad, 0xde, 0x5d, 0x7b, 0xfd, 0xee, 0xff, 0xee, 0xff, 0xff, 0xfd, 0xff,
      0xff, 0x6f, 0xfd, 0xfb, 0xdb, 0xee, 0xff, 0x6a, 0xbd, 0x55, 0xad, 0x5a,
      0x5b, 0xd7, 0xb6, 0xad, 0xaa, 0xaa, 0xda, 0x75, 0xf7, 0xad, 0xab, 0x7b,
      0xef, 0xff, 0xb6, 0x7d, 0xff, 0xf7, 0xbf, 0xbf, 0xdb, 0xde, 0xff, 0xbf,
      0xad, 0xff, 0xd7, 0x22, 0x70, 0x6b, 0xb5, 0xaa, 0xac, 0xaa, 0xaa, 0x55,
      0xab, 0xda, 0x5a, 0xf7, 0xde, 0xee, 0xbd, 0xbd, 0xff, 0xdf, 0x7f, 0xff,
      0xff, 0xef, 0xfe, 0xff, 0x6e, 0xfb, 0x7f, 0x55, 0xbd, 0x89, 0x42, 0xdd,
      0xd6, 0xaa, 0xaa, 0xaa, 0x56, 0xd5, 0x76, 0xb5, 0xb7, 0xde, 0x55, 0x5b,
      0xfb, 0xef, 0xff, 0xf7, 0xff, 0xff, 0xff, 0xbb, 0xfd, 0xff, 0xff, 0xaf,
      0x5a, 0xff, 0xeb, 0x02, 0x90, 0xaa, 0xad, 0x15, 0xb5, 0x55, 0x85, 0xaa,
      0xaa, 0xda, 0x5a, 0xb5, 0x9f, 0xf6, 0xae, 0xfd, 0xb7, 0xfd, 0xef, 0xbf,
      0xff, 0xff, 0xef, 0xdb, 0xdd, 0xfe, 0x7f, 0xaa, 0xde, 0x49, 0x42, 0xb7,
      0x5a, 0xd2, 0xaa, 0xaa, 0x2a, 0x55, 0xdd, 0xb4, 0xad, 0x6f, 0xd5, 0xdf,
      0xfb, 0xff, 0xfe, 0xff, 0xfb, 0xfd, 0xff, 0xaf, 0x7e, 0xff, 0xf7, 0xdb,
      0x56, 0xfe, 0xb5, 0x82, 0x95, 0x6a, 0xb7, 0xaa, 0x5a, 0x55, 0x81, 0x6a,
      0xab, 0x6a, 0xb7, 0xf4, 0x9b, 0xaa, 0xb6, 0xb6, 0xff, 0x7f, 0xff, 0xff,
      0xff, 0xff, 0xff, 0xbf, 0x7f, 0xff, 0x3f, 0xaa, 0xfe, 0xa1, 0x25, 0xdd,
      0xaa, 0xaa, 0x56, 0x55, 0x25, 0x55, 0xf5, 0xd0, 0x1e, 0x5f, 0x5d, 0xff,
      0xff, 0xff, 0x6f, 0xdb, 0x7f, 0xdf, 0xff, 0xdb, 0xfb, 0xf7, 0xdd, 0xb7,
      0x95, 0xfc, 0xab, 0x42, 0x8f, 0xaa, 0x2d, 0xd9, 0xaa, 0xaa, 0x02, 0xaa,
      0xae, 0xaa, 0x75, 0xf5, 0xb7, 0xda, 0xaa, 0xed, 0xfb, 0xff, 0xff, 0xff,
      0xff, 0x7e, 0x7f, 0xff, 0xff, 0xfd, 0x0b, 0xac, 0xfe, 0xc9, 0x1a, 0xba,
      0x56, 0xb5, 0x5a, 0x55, 0x10, 0x54, 0x55, 0xa1, 0x2e, 0xad, 0x9a, 0xfe,
      0xff, 0x7f, 0xff, 0xff, 0xfb, 0xf7, 0xff, 0xdf, 0xdf, 0xdf, 0x76, 0x6f,
      0x57, 0xf9, 0xab, 0x82, 0x57, 0xd5, 0x8d, 0x56, 0xab, 0xaa, 0x82, 0xa4,
      0xb5, 0x44, 0x35, 0xfc, 0xaf, 0x56, 0x6d, 0xf5, 0xbf, 0xed, 0xde, 0xff,
      0xff, 0xff, 0xff, 0xf7, 0xff, 0xff, 0x05, 0x58, 0xff, 0xc1, 0x9a, 0x6c,
      0x2b, 0xad, 0xaa, 0x4a, 0x20, 0xa8, 0xaa, 0x90, 0x2e, 0x55, 0x35, 0xfd,
      0xf7, 0xdf, 0xed, 0xff, 0xff, 0xfd, 0xff, 0xf7, 0xff, 0xff, 0xdf, 0x6d,
      0x55, 0xfa, 0xaa, 0x42, 0x37, 0xb5, 0x46, 0x6b, 0xab, 0x2a, 0x08, 0x54,
      0xd5, 0x22, 0x55, 0xbc, 0x5f, 0x5a, 0xdf, 0xfe, 0xff, 0xbf, 0xff, 0xff,
      0xff, 0xfd, 0xfb, 0x7f, 0xfb, 0xff, 0x43, 0xd0, 0xff, 0xc1, 0x2e, 0xec,
      0x95, 0xda, 0x5a, 0xa5, 0x00, 0xa8, 0x5a, 0x09, 0x1c, 0xd5, 0x2a, 0xfd,
      0xf5, 0xdb, 0xfe, 0xf6, 0x77, 0xdf, 0xff, 0x7f, 0xff, 0xee, 0xbf, 0xdb,
      0x4a, 0x71, 0x55, 0x85, 0x55, 0x5d, 0x85, 0x56, 0x55, 0x09, 0x10, 0x52,
      0xb5, 0xb0, 0x32, 0x7c, 0x1f, 0x05, 0x5c, 0xff, 0xdf, 0xff, 0xfe, 0xff,
      0xff, 0xdf, 0xff, 0xff, 0xef, 0xff, 0x43, 0xd2, 0xff, 0xa9, 0x1e, 0x6a,
      0x93, 0xaa, 0xaa, 0x56, 0x84, 0x90, 0xaa, 0x22, 0xa8, 0xd4, 0x35, 0x01,
      0xf9, 0x6d, 0xf7, 0xdf, 0xff, 0xf7, 0x7f, 0xf7, 0xbf, 0xff, 0xfe, 0xb6,
      0xea, 0x70, 0x55, 0xc3, 0xab, 0xdc, 0x06, 0xdb, 0x56, 0x09, 0x11, 0xa0,
      0x6a, 0x51, 0x12, 0xbc, 0x1b, 0x10, 0x68, 0xff, 0xff, 0xfd, 0xb7, 0xff,
      0xff, 0xff, 0xff, 0xf7, 0xff, 0xff, 0xe5, 0xa2, 0xff, 0x4a, 0xad, 0xb6,
      0x45, 0xb5, 0x55, 0x55, 0x40, 0xa8, 0x5a, 0xe4, 0x20, 0xd4, 0x2e, 0x42,
      0xfa, 0xdb, 0x7e, 0x7f, 0xff, 0xfd, 0xff, 0xff, 0xff, 0xbf, 0xdb, 0x5d,
      0xe5, 0xe0, 0xaa, 0xa1, 0x5e, 0x6b, 0x13, 0x6b, 0xb5, 0x12, 0x08, 0x40,
      0xa5, 0xa0, 0x88, 0x6c, 0x9b, 0x58, 0xad, 0xff, 0xf7, 0xef, 0xff, 0xbf,
      0xff, 0xff, 0xff, 0xff, 0xff, 0xff, 0x71, 0xc5, 0xff, 0x4a, 0xa1, 0xdd,
      0x06, 0x5d, 0xad, 0x0a, 0x20, 0x90, 0xaa, 0xa4, 0x25, 0xf4, 0x36, 0xec,
      0xff, 0xaa, 0xfd, 0xff, 0xed, 0xef, 0xff, 0xfd, 0xdf, 0xfd, 0x7f, 0xb7,
      0xf2, 0x41, 0xad, 0xa5, 0x6e, 0xbb, 0x25, 0xd6, 0xaa, 0x12, 0x44, 0xa0,
      0x6a, 0x61, 0x03, 0x5c, 0x2f, 0xb8, 0xb5, 0xff, 0xdf, 0xbd, 0x7f, 0xff,
      0x7f, 0xff, 0xff, 0x7f, 0xf7, 0x7f, 0xd9, 0xc5, 0xf7, 0x49, 0xc9, 0xd6,
      0x06, 0xb5, 0x56, 0x05, 0x11, 0x40, 0x55, 0xa0, 0x4a, 0xf4, 0x15, 0xed,
      0xde, 0xdd, 0xfe, 0xff, 0xff, 0xfb, 0xff, 0xff, 0xff, 0xdf, 0xbf, 0xdd,
      0x2a, 0x89, 0x5e, 0xa3, 0x8a, 0xbd, 0x2d, 0xac, 0x55, 0x15, 0x84, 0x44,
      0xad, 0xe8, 0x05, 0xad, 0x3e, 0xb8, 0xfb, 0xf7, 0x7b, 0xef, 0xed, 0xff,
      0xff, 0xff, 0xff, 0xff, 0xff, 0xbf, 0x54, 0x86, 0xfb, 0xc9, 0x53, 0xd7,
      0x8b, 0x68, 0xb5, 0x4a, 0x00, 0x40, 0x75, 0x21, 0x4f, 0xdc, 0x15, 0xf4,
      0x6f, 0xbd, 0xef, 0xff, 0xff, 0xbe, 0xff, 0xff, 0xff, 0xfd, 0xfb, 0x57,
      0xfa, 0x00, 0x6f, 0x81, 0x2e, 0x6d, 0x1d, 0x50, 0xab, 0x0a, 0x24, 0x80,
      0x4a, 0xe0, 0x1a, 0xb4, 0x1f, 0x59, 0xfd, 0xef, 0xfe, 0x7b, 0xbf, 0xef,
      0xff, 0xff, 0x77, 0xff, 0xdf, 0xbd, 0xee, 0x03, 0xbd, 0xab, 0x4b, 0xbb,
      0xab, 0x02, 0x68, 0x05, 0x49, 0x89, 0xea, 0xa0, 0x95, 0x6c, 0x55, 0xa4,
      0x52, 0xfb, 0xbb, 0xff, 0xfb, 0xff, 0xef, 0xff, 0xff, 0xbf, 0xff, 0xaf,
      0xbc, 0x4b, 0xf6, 0xc2, 0x2e, 0x76, 0x3f, 0x90, 0x52, 0x45, 0x92, 0x82,
      0x2a, 0xa8, 0x2e, 0xda, 0x1d, 0x10, 0xe4, 0xdf, 0xfe, 0xdf, 0xff, 0xff,
      0xff, 0xff, 0xff, 0xff, 0xf7, 0x5f, 0xfd, 0x17, 0xdf, 0xa5, 0x9b, 0xac,
      0xd5, 0x04, 0xd8, 0x12, 0xa5, 0x20, 0xd5, 0xa0, 0x75, 0x6c, 0x2b, 0x01,
      0xb0, 0xfd, 0xf7, 0xf6, 0xef, 0xf6, 0xff, 0xff, 0xff, 0xff, 0x7d, 0xbb,
      0xb6, 0xad, 0x74, 0x43, 0xaf, 0x7a, 0xbb, 0x51, 0xb1, 0x82, 0xaa, 0x06,
      0x55, 0x61, 0x5b, 0xdd, 0x5e, 0x4a, 0xe5, 0xb7, 0xdd, 0xff, 0xfd, 0xff,
      0xff, 0xff, 0xff, 0xff, 0xff, 0xef, 0xfe, 0x5f, 0xdd, 0xbd, 0x7d, 0xef,
      0xd6, 0x0e, 0xa8, 0x4a, 0x55, 0x49, 0x55, 0xaa, 0xd6, 0xb4, 0x95, 0x92,
      0xb4, 0xfe, 0xff, 0xff, 0xff, 0xbf, 0xfb, 0xff, 0xff, 0xef, 0xff, 0xff,
      0x6f, 0xfb, 0x7f, 0xef, 0xeb, 0x5a, 0xbf, 0xfb, 0x57, 0xb5, 0xaa, 0xaa,
      0xaa, 0xd5, 0xad, 0xdb, 0xfe, 0xfe, 0xff, 0xdb, 0x76, 0xbf, 0xdf, 0xee,
      0xff, 0xff, 0xff, 0xff, 0x7f, 0xbf, 0xfd, 0xaf, 0xea, 0xbb, 0xde, 0xf7,
      0xea, 0x56, 0xed, 0xd6, 0xaa, 0x5a, 0xb5, 0xba, 0x7a, 0xb5, 0xab, 0xab,
      0xed, 0xfe, 0xdf, 0xfb, 0xf7, 0xff, 0xff, 0xff, 0xf7, 0xfe, 0xee, 0xfb,
      0xdf, 0xfe, 0xbf, 0xee, 0xbb, 0xae, 0xb7, 0x6d, 0x5b, 0xad, 0xaa, 0x55,
      0xad, 0x55, 0x4b, 0x6f, 0x6d, 0x7d, 0xbf, 0xb7, 0xfd, 0xff, 0xfd, 0xff,
      0xdf, 0xff, 0xff, 0xff, 0xff, 0xff, 0xfb, 0xdb, 0xf6, 0xbb, 0xf6, 0xf5,
      0xda, 0xb6, 0xd6, 0xda, 0x6a, 0x55, 0x6b, 0xad, 0xb6, 0xda, 0xf6, 0xd7,
      0xf5, 0xfd, 0x77, 0xef, 0xff, 0xfd, 0xf7, 0xff, 0xff, 0xff, 0xff, 0x6f,
      0xdf, 0xff, 0x5f, 0xef, 0xaf, 0x5e, 0x6f, 0xdb, 0xb5, 0xab, 0x5a, 0xb5,
      0x5a, 0x6b, 0xed, 0xaa, 0x5d, 0x7d, 0x5f, 0x6f, 0xdf, 0xfb, 0x7f, 0xef,
      0xff, 0xff, 0xff, 0xff, 0x7f, 0xff, 0xf7, 0xb6, 0xf5, 0xbd, 0xfa, 0xfb,
      0xf5, 0x6e, 0x6b, 0xdd, 0x56, 0xab, 0x55, 0xd5, 0xaa, 0xdd, 0xb6, 0xeb,
      0xfd, 0xfb, 0xfd, 0x7f, 0xff, 0xff, 0xff, 0xff, 0xff, 0xdf, 0xfb, 0xfb,
      0xfe, 0xff, 0xde, 0xf6, 0xaf, 0x56, 0x5f, 0xdb, 0xde, 0xaa, 0x6a, 0x6d,
      0xb5, 0xb6, 0xad, 0x6a, 0x6b, 0x5f, 0xd7, 0xde, 0x77, 0xff, 0xef, 0xff,
      0xfb, 0xff, 0xff, 0xff, 0xff, 0xbf, 0xbf, 0xed, 0xf7, 0xaf, 0xfd, 0xff,
      0xea, 0x6d, 0xb5, 0x77, 0xd5, 0xaa, 0xd6, 0x55, 0xdb, 0xb6, 0xdd, 0xea,
      0xfd, 0x77, 0xdf, 0xfb, 0xfb, 0xb7, 0xff, 0xff, 0xfe, 0xff, 0xbf, 0xff,
      0xf7, 0xbf, 0xbd, 0xfa, 0x56, 0x55, 0xbf, 0xb6, 0x6b, 0xad, 0x5b, 0xdb,
      0x5a, 0x6d, 0xb5, 0x6d, 0xbb, 0xbf, 0x6f, 0xff, 0xfd, 0xdf, 0xff, 0xfd,
      0xef, 0xff, 0xff, 0xff, 0xff, 0xef, 0x7f, 0xfb, 0xef, 0xdf, 0xff, 0xff,
      0xd5, 0x7b, 0xdf, 0x5a, 0xb5, 0x56, 0xab, 0x5a, 0xab, 0xda, 0xd6, 0xea,
      0xfa, 0x6d, 0x77, 0xf7, 0xff, 0xff, 0xfb, 0xfe, 0xff, 0xff, 0xfd, 0xfb,
      0xde, 0x6f, 0x7b, 0x7b, 0x55, 0x55, 0x7f, 0xaf, 0xb5, 0xb7, 0xee, 0xb5,
      0x76, 0xab, 0xb6, 0xb5, 0xbd, 0xbf, 0x5f, 0xff, 0xdf, 0xfd, 0x7e, 0xff,
      0xff, 0xff, 0xff, 0x7f, 0xff, 0xff, 0xf7, 0xff, 0xdf, 0xaf, 0x4f, 0xeb,
      0x51, 0x52, 0x6c, 0x65, 0xa1, 0x28, 0xa5, 0xca, 0x65, 0xaf, 0xea, 0xea,
      0xf6, 0xdb, 0xfe, 0xff, 0xdf, 0xbf, 0xdf, 0xff, 0xff, 0xfb, 0x7f, 0xff,
      0xff, 0xb6, 0xfd, 0x3e, 0xab, 0xb3, 0x64, 0x26, 0xda, 0xcd, 0x25, 0x31,
      0x64, 0x12, 0xc9, 0x74, 0xaf, 0xdf, 0x7b, 0xff, 0x7b, 0xff, 0xf7, 0xef,
      0xff, 0xff, 0xff, 0xff, 0xff, 0x7f, 0xff, 0xff, 0xb7, 0x2b, 0x67, 0x6b,
      0x6e, 0xa7, 0x97, 0xac, 0x38, 0x97, 0xc7, 0x32, 0xb5, 0xab, 0x75, 0x75,
      0xdf, 0xdb, 0xee, 0xdb, 0xff, 0xff, 0xf7, 0xfe, 0xff, 0xff, 0xff, 0xdf,
      0xb7, 0x6f, 0xff, 0x7e, 0x87, 0x4b, 0x5a, 0x36, 0xac, 0xa6, 0xa1, 0x29,
      0x94, 0xaa, 0x72, 0x6d, 0xdb, 0xdb, 0xf6, 0xfe, 0xff, 0xfe, 0xfe, 0xff,
      0xff, 0xff, 0xff, 0xff, 0xff, 0xf7, 0xff, 0xfd, 0xad, 0x5f, 0xa5, 0x51,
      0x4b, 0x26, 0xab, 0x6e, 0xbd, 0x52, 0x93, 0x32, 0xc5, 0xda, 0xb6, 0xfe,
      0xbd, 0xb7, 0xbb, 0xff, 0xff, 0xff, 0xbf, 0xff, 0xff, 0xff, 0xbf, 0xff,
      0xff, 0xbf, 0xff, 0x3b, 0xe7, 0xd5, 0x6e, 0xb3, 0xdf, 0xa5, 0x29, 0xab,
      0x36, 0xaa, 0xad, 0xb7, 0xed, 0x55, 0xef, 0xff, 0xfe, 0xf7, 0xff, 0xfb,
      0xff, 0xff, 0xff, 0xff, 0xff, 0xff, 0xbb, 0xf7, 0xbb, 0x2f, 0x08, 0x9c,
      0xe8, 0x34, 0x74, 0x4f, 0x51, 0x35, 0x55, 0x92, 0x52, 0x6d, 0xbb, 0xff,
      0xfd, 0xf6, 0xef, 0xbd, 0x77, 0xff, 0xff, 0xf6, 0xff, 0xff, 0xff, 0xff,
      0xff, 0xfd, 0xee, 0xfe, 0xdf, 0xff, 0xbf, 0xdf, 0xdf, 0xb5, 0xef, 0xda,
      0xf6, 0xed, 0xf6, 0xda, 0x56, 0x55, 0xb7, 0xdf, 0x7b, 0xff, 0xfd, 0xff,
      0xdf, 0xff, 0xff, 0xff, 0xff, 0xff, 0xfe, 0xbf, 0xff, 0xbb, 0xfd, 0xb6,
      0xeb, 0x7a, 0x75, 0xdf, 0xba, 0xb7, 0xad, 0xb6, 0xad, 0x57, 0xfd, 0xff,
      0xfd, 0x7d, 0xff, 0xff, 0xff, 0xbf, 0xff, 0xff, 0xff, 0xff, 0xff, 0xfb,
      0xdf, 0xff, 0xdf, 0xef, 0xb7, 0xff, 0xbe, 0xef, 0xdf, 0x75, 0xd7, 0xda,
      0xda, 0x6d, 0x5b, 0xf5, 0xab, 0xaa, 0x6f, 0xef, 0xef, 0xdb, 0xff, 0xff,
      0xff, 0xf6, 0xff, 0xff, 0xef, 0xff, 0xff, 0xfb, 0x7d, 0x7b, 0xff, 0xd5,
      0xf7, 0x5a, 0x75, 0xef, 0xba, 0xb7, 0xb7, 0x5a, 0x75, 0x5b, 0xde, 0x7f,
      0xfd, 0xff, 0x7e, 0xff, 0xfe, 0xf7, 0xff, 0xff, 0xff, 0xff, 0xff, 0xff,
      0xff, 0xde, 0xf7, 0xff, 0xd5, 0x7f, 0xdb, 0xff, 0xdf, 0x5a, 0x6f, 0x6d,
      0xad, 0xb5, 0xab, 0xb6, 0x75, 0xd5, 0xd7, 0xed, 0xfb, 0xbf, 0xbf, 0xff,
      0x7f, 0xff, 0xff, 0xff, 0xff, 0xbf, 0xfb, 0xff, 0x7e, 0xb7, 0x7f, 0xdd,
      0x7f, 0xab, 0xba, 0xf7, 0xb5, 0xdb, 0x6a, 0x6f, 0xdd, 0x6d, 0xaf, 0x7f,
      0x7d, 0x7f, 0xdf, 0xed, 0xff, 0xff, 0xff, 0xdb, 0xff, 0xff, 0xff, 0xff,
      0xbf, 0xff, 0xdf, 0xff, 0xdd, 0xf7, 0xf6, 0xfe, 0xf7, 0xae, 0xee, 0xb6,
      0xb7, 0xda, 0xb6, 0xda, 0xfa, 0xea, 0xef, 0xf7, 0xff, 0xff, 0xf7, 0xff,
      0xff, 0xff, 0xff, 0xff, 0xfd, 0xfb, 0xff, 0xef, 0xf7, 0x6d, 0xf7, 0xbd,
      0xaf, 0xb7, 0xae, 0xfd, 0xbb, 0x6d, 0xed, 0x56, 0x6d, 0xb7, 0x57, 0x5f,
      0xfd, 0xbd, 0xbb, 0xfb, 0xfd, 0xfd, 0xff, 0xf6, 0xfd, 0xff, 0xff, 0xff,
      0xff, 0x7f, 0xff, 0xff, 0x7f, 0xef, 0xfd, 0xdd, 0xfb, 0xab, 0xd6, 0xb6,
      0x5b, 0xed, 0xdb, 0xda, 0xfa, 0xf5, 0xb7, 0xff, 0xff, 0xbf, 0xff, 0xbf,
      0xff, 0xbf, 0xff, 0xff, 0xff, 0xff, 0xef, 0xfd, 0xbf, 0xdb, 0xed, 0x7b,
      0xb7, 0xf7, 0xae, 0xfe, 0xbd, 0xdb, 0xb6, 0x5b, 0xb5, 0xb7, 0x57, 0x5f,
      0xfd, 0xf7, 0xee, 0xfe, 0xff, 0xff, 0xff, 0xef, 0xff, 0xff, 0xff, 0xff,
      0xfd, 0xff, 0xed, 0xff, 0xbf, 0xdf, 0xff, 0xbe, 0xff, 0xab, 0xeb, 0x6e,
      0x6d, 0xb5, 0x6d, 0x6d, 0xfd, 0xfa, 0x6f, 0xbf, 0xff, 0xf7, 0x7f, 0xff,
      0xff, 0xfd, 0xff, 0xff, 0xff, 0xff, 0xff, 0xdf, 0xff, 0x6e, 0xfb, 0xf6,
      0xaa, 0xeb, 0x55, 0x7f, 0xbf, 0xbd, 0xdb, 0x6f, 0xdb, 0xda, 0xab, 0xaf,
      0xfd, 0xfd, 0xbb, 0x7f, 0xf7, 0xff, 0xff, 0x6f, 0xff, 0xff, 0xff, 0xff,
      0xff, 0xff, 0xff, 0xff, 0xef, 0xff, 0xff, 0x7f, 0xff, 0xd5, 0xea, 0xd6,
      0xb6, 0xda, 0xb6, 0x77, 0xff, 0xfa, 0xb6, 0xef, 0xff, 0xdf, 0xff, 0xef,
      0xff, 0xff, 0xff, 0xff, 0xff, 0xff, 0xff, 0xfe, 0xfb, 0x7b, 0xbf, 0xdd,
      0xde, 0xf6, 0x6d, 0xff, 0xbf, 0xfb, 0x6d, 0x6b, 0xdb, 0xda, 0xaa, 0xaf,
      0xff, 0x7f, 0xef, 0xfd, 0xff, 0xff, 0xff, 0xdb, 0xfe, 0xff, 0xff, 0x7f,
      0xff, 0xef, 0xbe, 0xdf, 0xfb, 0xf7, 0xfb, 0x5f, 0xff, 0x55, 0x75, 0xaf,
      0xde, 0xde, 0x6e, 0x6f, 0x7f, 0xfb, 0xb6, 0xfd, 0xfb, 0xff, 0xdd, 0xff,
      0xff, 0xbf, 0xf7, 0xff, 0xff, 0xff, 0xff, 0xff, 0xff, 0xfd, 0x6f, 0xbf,
      0x6f, 0xfd, 0xab, 0xff, 0xef, 0xfa, 0xeb, 0xb5, 0xbb, 0xdd, 0xd5, 0xdd,
      0xff, 0xef, 0x7f, 0x77, 0xff, 0xfb, 0xff, 0xf7, 0xfd, 0xff, 0xff, 0xff,
      0xdf, 0xff, 0xff, 0x7f, 0xff, 0xfb, 0xfe, 0xd7, 0xfe, 0xb6, 0xde, 0xaf,
      0xbe, 0xef, 0xf6, 0x76, 0x7f, 0x77, 0xd5, 0x7b, 0xff, 0xff, 0xff, 0xff,
      0xff, 0x5d, 0xff, 0xff, 0xff, 0xff, 0xff, 0xff, 0xdf, 0xf7, 0xbb, 0xef,
      0xdb, 0xfd, 0xef, 0xfb, 0xbb, 0xfa, 0xd5, 0xba, 0xad, 0xdb, 0xd5, 0xfd,
      0x7f, 0xff, 0xf7, 0xfd, 0xff, 0xff, 0xff, 0xef, 0xfd, 0xff, 0xff, 0xff,
      0xff, 0xf7, 0xfe, 0xfe, 0xfe, 0x7d, 0x7f, 0xbf, 0xbd, 0xde, 0xee, 0xaf,
      0x7f, 0xd7, 0x7e, 0x77, 0x7f, 0xaf, 0xf6, 0xff, 0xbd, 0xdf, 0xbb, 0xff,
      0xff, 0xbb, 0xf7, 0xff, 0xff, 0xff, 0xff, 0xff, 0xff, 0xdf, 0xef, 0xdf,
      0xf7, 0xf7, 0xf7, 0xf7, 0xbb, 0x7d, 0xd5, 0x7d, 0xab, 0xdd, 0xea, 0xfb,
      0xdf, 0x6d, 0xff, 0xff, 0xff, 0xff, 0xff, 0xde, 0xbe, 0xff, 0xff, 0xff,
      0xff, 0xff, 0xef, 0xff, 0x7f, 0xf7, 0xbd, 0xdd, 0xbe, 0xbd, 0xee, 0xeb,
      0x7f, 0xeb, 0x7f, 0xf7, 0x5f, 0xdf, 0xfa, 0xff, 0xff, 0xf7, 0xfe, 0xf7,
      0xff, 0x77, 0xeb, 0xff, 0xff, 0xff, 0xff, 0xff, 0xff, 0xfb, 0xde, 0xff,
      0xff, 0xff, 0xf7, 0xef, 0x7f, 0xbf, 0xea, 0x5e, 0xd5, 0x5d, 0xf5, 0xf5,
      0x6f, 0xff, 0xdf, 0xfd, 0xdf, 0xff, 0x7f, 0xaf, 0xfd, 0xff, 0xff, 0xff,
      0xff, 0xff, 0xfd, 0xbe, 0xf7, 0xbd, 0xb7, 0xb7, 0xbd, 0xfd, 0xda, 0xed,
      0xdf, 0xfb, 0xbf, 0xfb, 0xbf, 0xbf, 0xfa, 0xdb, 0xfb, 0xff, 0xff, 0xff,
      0xdf, 0x7d, 0xb7, 0xff, 0xff, 0xff, 0xff, 0xbd, 0xff, 0xff, 0xff, 0xef,
      0xfd, 0xfd, 0xef, 0xef, 0x7f, 0xbf, 0xbd, 0xae, 0xea, 0xae, 0xea, 0xee,
      0xdf, 0xff, 0xfe, 0x7f, 0xff, 0xfd, 0xff, 0xab, 0xed, 0xfd, 0xff, 0xff,
      0xff, 0xff, 0xff, 0xff, 0x7f, 0xff, 0x7f, 0x7f, 0xff, 0xbe, 0xed, 0xfb,
      0xf7, 0xfb, 0xbf, 0xfb, 0xff, 0x7b, 0xfb, 0xfe, 0x7f, 0xdf, 0xf7, 0xff,
      0x77, 0x7f, 0xbb, 0xff, 0xff, 0xff, 0xff, 0xff, 0xff, 0xff, 0xee, 0x7b,
      0xf7, 0xef, 0xbb, 0xfb, 0x7f, 0xaf, 0xae, 0xaf, 0xea, 0x6e, 0x5b, 0xdf,
      0xef, 0xef, 0xdf, 0xf7, 0x7f, 0xff, 0xff, 0xd5, 0xd6, 0xff, 0xff, 0xff,
      0xdf, 0xff, 0xbf, 0xb7, 0xff, 0xdf, 0xdf, 0xfb, 0xee, 0x6f, 0xdb, 0xfb,
      0xfb, 0xfa, 0xbf, 0xfb, 0xff, 0x7b, 0xbd, 0xfb, 0xf7, 0xff, 0xff, 0xff,
      0xdb, 0xbf, 0xb5, 0xf6, 0xff, 0xff, 0xff, 0xff, 0xff, 0xff, 0x7f, 0xff,
      0xfd, 0xbe, 0xff, 0xfe, 0xff, 0xbe, 0xdf, 0xdf, 0xf6, 0x5f, 0xb5, 0xdf,
      0xf7, 0x7f, 0xff, 0xff, 0xff, 0xff, 0xff, 0x77, 0xed, 0xfd, 0xff, 0xff,
      0xff, 0xff, 0xff, 0xff, 0xf7, 0xf7, 0xff, 0xff, 0xbf, 0xb7, 0xed, 0xef,
      0x7d, 0xfb, 0x5f, 0xfd, 0xff, 0xf6, 0x7e, 0xff, 0xff, 0xff, 0xdd, 0xff,
      0x7f, 0xaf, 0xab, 0xfe, 0xff, 0xff, 0xff, 0xff, 0xf7, 0xff, 0xff, 0x7d,
      0xb7, 0xf7, 0xed, 0xff, 0xbf, 0x7b, 0xf7, 0xaf, 0xfa, 0xd7, 0xee, 0xbf,
      0xdb, 0xef, 0xff, 0xbd, 0xff, 0xff, 0xf7, 0x7d, 0xb5, 0xdb, 0xff, 0xff,
      0xff, 0xff, 0xff, 0xfd, 0xbe, 0xff, 0xff, 0xbf, 0xff, 0x7d, 0xf7, 0xff,
      0xdf, 0xfe, 0x6f, 0xff, 0xbb, 0xed, 0xff, 0xfb, 0xdd, 0xff, 0xff, 0xfb,
      0xff, 0x57, 0x6b, 0xfd, 0xff, 0xff, 0xff, 0xff, 0xff, 0xdf, 0xff, 0xdf,
      0xff, 0xfe, 0x77, 0xef, 0x7f, 0xdb, 0xfd, 0xdb, 0xfd, 0x6d, 0xff, 0x7f,
      0x75, 0xff, 0xff, 0xef, 0xff, 0xfe, 0xbf, 0xdd, 0x5e, 0xeb, 0xff, 0xff,
      0xff, 0xff, 0xff, 0xff, 0xef, 0xff, 0xed, 0xf7, 0xfe, 0xff, 0xde, 0x7f,
      0xb7, 0x7f, 0x6f, 0xff, 0xb7, 0xed, 0xdf, 0xff, 0xff, 0xff, 0xf7, 0xff,
      0xfb, 0xb7, 0xd5, 0xba, 0xff, 0xff, 0xff, 0xff, 0xff, 0xff, 0xff, 0xfd,
      0x7f, 0xbf, 0xdf, 0xbb, 0xf7, 0xf7, 0xff, 0xf6, 0xfb, 0xdb, 0xfe, 0xbf,
      0xfd, 0xbf, 0xff, 0xfe, 0xff, 0xff, 0xdf, 0x6e, 0xad, 0xf6, 0xfd, 0xff,
      0xff, 0xff, 0xfd, 0xff, 0xff, 0x6f, 0xff, 0xff, 0xf7, 0xff, 0xff, 0xbe,
      0xdb, 0xdf, 0xde, 0xff, 0x77, 0xfb, 0xf7, 0xee, 0xdb, 0xff, 0xfe, 0xff,
      0xf7, 0x55, 0x5b, 0x55, 0xff, 0xff, 0xff, 0xff, 0xff, 0xff, 0xfd, 0xff,
      0xf7, 0xed, 0xfd, 0xee, 0xbd, 0xef, 0xff, 0xfd, 0x7f, 0xdb, 0xfd, 0xaf,
      0xbe, 0xff, 0xff, 0xdf, 0xff, 0xff, 0xbf, 0xbf, 0xb6, 0xed, 0xff, 0xff,
      0xff, 0xff, 0xff, 0xee, 0xbf, 0xff, 0xbf, 0xff, 0xff, 0xff, 0xef, 0xfb,
      0xbe, 0xb7, 0xfb, 0x7f, 0xdf, 0xfd, 0xfb, 0xff, 0xff, 0xf7, 0xbf, 0xf7,
      0x6d, 0xd5, 0x55, 0x55, 0xff, 0xff, 0xff, 0xff, 0xff, 0xff, 0xff, 0xfb,
      0xfe, 0x7f, 0xbf, 0xbb, 0xff, 0xff, 0xf7, 0xff, 0x6f, 0xf7, 0x7f, 0xdf,
      0xee, 0xfb, 0xff, 0xff, 0xff, 0xff, 0xff, 0xbb, 0xaa, 0xba, 0xed, 0xff,
      0xff, 0xff, 0xff, 0xff, 0xff, 0xbf, 0xef, 0xf7, 0xef, 0xff, 0xfd, 0xbe,
      0xff, 0xee, 0xfe, 0xff, 0xfb, 0xf7, 0xff, 0x7e, 0x7f, 0xff, 0xef, 0xff,
      0xb7, 0xae, 0xaa, 0xd7, 0xfe, 0xff, 0xff, 0xff, 0xff, 0xff, 0xef, 0xff,
      0xff, 0xfe, 0xfb, 0xff, 0xef, 0xef, 0xdb, 0xff, 0xdf, 0xdd, 0xde, 0xbd,
      0xbd, 0xff, 0xf7, 0xff, 0xff, 0xff, 0xff, 0x7b, 0x55, 0x6d, 0xfb, 0xff,
      0xff, 0xff, 0xff, 0xff, 0xff, 0xf7, 0xff, 0xbf, 0xff, 0xb6, 0xff, 0xfb,
      0xff, 0xbd, 0xfb, 0xff, 0xff, 0xef, 0xf7, 0xff, 0xff, 0xff, 0xfd, 0xfb,
      0xef, 0xae, 0xd5, 0xda, 0xee, 0xff, 0xff, 0xff, 0xff, 0xff, 0xfd, 0xfd,
      0xfb, 0xff, 0xff, 0xff, 0x7b, 0xff, 0x7e, 0xef, 0x7f, 0x77, 0x77, 0x7f,
      0xff, 0xdf, 0xff, 0xf7, 0xff, 0xff, 0xfb, 0x7f, 0xab, 0xbf, 0xb5, 0xff,
      0xff, 0xff, 0xff, 0xff, 0xff, 0xff, 0xbf, 0xfb, 0xbd, 0xff, 0xff, 0xff,
      0xef, 0xff, 0xee, 0xff, 0xff, 0xdb, 0xed, 0xfb, 0xff, 0xfd, 0xff, 0xff,
      0xff, 0xef, 0x6e, 0x6a, 0xef, 0xfd, 0xff, 0xff, 0xff, 0xff, 0xff, 0xff,
      0xfe, 0xbf, 0xff, 0xef, 0xde, 0xdf, 0xfb, 0xff, 0xff, 0xdd, 0xbb, 0x7f,
      0x7f, 0xff, 0xbd, 0xff, 0x7f, 0xbf, 0xff, 0xff, 0xdb, 0xfd, 0xba, 0xff,
      0xff, 0xff, 0xff, 0xff, 0xff, 0xff, 0xff, 0xff, 0xff, 0xfd, 0xff, 0xfd,
      0xff, 0xed, 0x7b, 0xff, 0xfe, 0xd5, 0xff, 0xff, 0xff, 0xff, 0xde, 0xff,
      0xff, 0xbf, 0xb7, 0x56, 0xd5, 0xff, 0xff, 0xff, 0xff, 0xff, 0xff, 0xff,
      0xff, 0xee, 0xef, 0xff, 0xff, 0xff, 0x7e, 0x7f, 0xff, 0xff, 0x7f, 0xff,
      0xed, 0xff, 0xff, 0xff, 0xff, 0xff, 0xff, 0xff, 0x7d, 0xfb, 0xb5, 0xf6,
      0xff, 0xff, 0xff, 0xff, 0x7f, 0xdf, 0xef, 0xff, 0xfb, 0xbf, 0x7b, 0xef,
      0xdf, 0xff, 0xdf, 0xb7, 0xef, 0x6f, 0xff, 0xef, 0xff, 0xff, 0xff, 0xef,
      0xff, 0xff, 0xef, 0x2d, 0xab, 0xfd, 0xff, 0xff, 0xff, 0xbf, 0xff, 0xff,
      0xff, 0xff, 0xff, 0xee, 0xdf, 0xff, 0xff, 0xff, 0xf7, 0xff, 0xff, 0xfd,
      0x7f, 0xfb, 0xfb, 0xff, 0xff, 0xbf, 0xff, 0xff, 0x7f, 0xdf, 0xaa, 0xfe,
      0xff, 0xff, 0xff, 0xff, 0xff, 0xff, 0xfb, 0x7f, 0xff, 0xff, 0xff, 0xff,
      0xfd, 0xb7, 0xff, 0xfd, 0xbd, 0xf7, 0xfb, 0xff, 0x7f, 0xbf, 0xff, 0x5b,
      0xff, 0xff, 0xff, 0xbb, 0x55, 0x6b, 0xff, 0xff, 0xff, 0xff, 0xff, 0xff,
      0xff, 0xee, 0xff, 0xff, 0xff, 0xdf, 0xff, 0xfd, 0xff, 0xff, 0xef, 0xdd,
      0xfe, 0xff, 0xff, 0xef, 0xf7, 0x0f, 0xff, 0xff, 0xff, 0x6f, 0xab, 0xfe,
      0xff, 0xff, 0xff, 0xff, 0xff, 0xff, 0xff, 0xff, 0xef, 0xff, 0xfd, 0xfb,
      0xef, 0xff, 0xbd, 0xdf, 0xff, 0xff, 0xdf, 0xff, 0xfe, 0xff, 0x7f, 0x25,
      0xff, 0xff, 0xff, 0xff, 0xaa, 0xd2, 0xff, 0xff, 0xff, 0xff, 0xff, 0x7f,
      0xff, 0xff, 0xff, 0xee, 0xdf, 0xff, 0xff, 0xff, 0xff, 0xf7, 0xbe, 0xed,
      0xff, 0xff, 0xff, 0xff, 0xff, 0x03, 0xff, 0xff, 0xff, 0xdb, 0x5b, 0x6d,
      0xff, 0xff, 0xff, 0xff, 0xff, 0xdf, 0xff, 0xff, 0xfd, 0xff, 0xff, 0xff,
      0x7e, 0xbf, 0xff, 0xff, 0xf7, 0x7f, 0xf7, 0xfd, 0xbf, 0xff, 0x5f, 0x20,
      0xff, 0xff, 0xff, 0xff, 0x56, 0xe9, 0xfd, 0xff, 0xff, 0xff, 0xff, 0xff,
      0xbf, 0x7b, 0xff, 0xff, 0xf7, 0xbf, 0xff, 0xef, 0xf7, 0xfe, 0x7f, 0xfb,
      0xff, 0xbf, 0xff, 0xff, 0xb7, 0xa8, 0xff, 0xff, 0xff, 0xff, 0x6f, 0x55,
      0xf7, 0xff, 0xff, 0xff, 0xff, 0xfd, 0xff, 0xff, 0xbf, 0x7f, 0xff, 0xfd,
      0xdf, 0xff, 0xff, 0xff, 0xee, 0xff, 0xff, 0xff, 0xff, 0xff, 0x2d, 0xd0,
      0xff, 0xff, 0xff, 0xff, 0x5d, 0x55, 0x7d, 0xff, 0xff, 0xff, 0x7f, 0xff,
      0xff, 0xff, 0xff, 0xf7, 0xff, 0xff, 0xff, 0xff, 0xff, 0xdf, 0xff, 0xef,
      0x7e, 0xff, 0xef, 0x77, 0x07, 0xb2, 0xff, 0xff, 0xff, 0xff, 0xff, 0xaa,
      0xf7, 0xff, 0xff, 0xff, 0xff, 0xff, 0xff, 0xff, 0xff, 0xff, 0xff, 0xff,
      0xff, 0xfb, 0xdf, 0xf7, 0xbf, 0xfd, 0xdf, 0xff, 0xff, 0xff, 0x41, 0x40,
      0xff, 0xff, 0xff, 0xff, 0x57, 0x4b, 0xda, 0xff, 0xff, 0xff, 0xff, 0xff,
      0xff, 0xdf, 0xef, 0xff, 0xbf, 0xef, 0xfb, 0xff, 0xfd, 0xfd, 0xfb, 0xff,
      0xff, 0xdf, 0xff, 0x5f, 0x08, 0x04, 0xff, 0xff, 0xff, 0xff, 0xff, 0x55,
      0xf5, 0xff, 0xff, 0xff, 0xff, 0xff, 0xff, 0xfd, 0xfb, 0xfd, 0xfd, 0xfb,
      0x7f, 0x7f, 0xff, 0xff, 0xdf, 0xbf, 0xf7, 0xff, 0xff, 0x3d, 0x41, 0x01,
      0xff, 0xff, 0xff, 0xff, 0xff, 0xae, 0x5a, 0xff, 0xff, 0xff, 0xff, 0xff,
      0xdf, 0xff, 0xff, 0xbf, 0xff, 0xff, 0xff, 0xff, 0xff, 0xff, 0xfe, 0xf7,
      0xff, 0xff, 0xff, 0x07, 0xa8, 0x96, 0xff, 0xff, 0xff, 0xff, 0xff, 0x5b,
      0xea, 0xed, 0xff, 0xff, 0xff, 0xff, 0xff, 0xff, 0xff, 0xff, 0xff, 0xff,
      0xde, 0xff, 0xff, 0xff, 0xff, 0xfe, 0xff, 0xff, 0xbb, 0x4a, 0xf2, 0x0b,
      0xff, 0xff, 0xff, 0xff, 0xff, 0xb7, 0x52, 0xff, 0xff, 0xff, 0xff, 0xff,
      0xff, 0xff, 0xff, 0xff, 0xdf, 0xff, 0xff, 0xef, 0xbf, 0xdf, 0xef, 0xff,
      0xff, 0xf7, 0xff, 0x01, 0xdc, 0x1f, 0xff, 0xff, 0xff, 0xff, 0xff, 0x5e,
      0x55, 0xfd, 0xff, 0xff, 0x3f, 0x95, 0x1a, 0x68, 0xa8, 0xac, 0xa9, 0x29,
      0x94, 0xfc, 0xff, 0xfb, 0xff, 0xff, 0xfd, 0xfd, 0x2f, 0x48, 0xfa, 0x4b,
      0xff, 0xff, 0xff, 0xff, 0xff, 0xff, 0x92, 0x6a, 0xff, 0xff, 0x3f, 0x57,
      0xb9, 0x51, 0xc7, 0xac, 0x9d, 0xd5, 0xd6, 0xfe, 0xf7, 0xff, 0xfb, 0xff,
      0xff, 0xff, 0x56, 0x02, 0xfc, 0x0e, 0xff, 0xff, 0xff, 0xff, 0xff, 0x57,
      0xa5, 0xfe, 0xff, 0xff, 0xbf, 0xd5, 0xbb, 0x6a, 0xda, 0xa9, 0x5b, 0xd9,
      0xd2, 0xfe, 0xfd, 0xff, 0xff, 0xdf, 0xbf, 0xff, 0x0b, 0x94, 0xd4, 0x0b,
      0xff, 0xff, 0xff, 0xff, 0xff, 0xff, 0x2b, 0xa9, 0xfb, 0xff, 0x7f, 0x3f,
      0xb1, 0x74, 0xa5, 0xd8, 0x95, 0xd9, 0xe6, 0xfe, 0xff, 0xff, 0xfe, 0xfd,
      0xff, 0xbf, 0x22, 0x15, 0x78, 0x23, 0xfd, 0xff, 0xff, 0xff, 0xff, 0x7f,
      0x4d, 0x75, 0xff, 0xff, 0x3f, 0xcf, 0xbb, 0x55, 0xcd, 0x9a, 0xdd, 0xd9,
      0xce, 0xfe, 0xff, 0xbd, 0xff, 0xff, 0xff, 0x6f, 0x09, 0x40, 0x80, 0x88,
      0xf7, 0xff, 0xff, 0xff, 0xff, 0xff, 0x5b, 0xaa, 0xdd, 0xff, 0xbf, 0xac,
      0xba, 0x77, 0xb7, 0xad, 0x2b, 0xab, 0xaa, 0xfc, 0xff, 0xff, 0xff, 0xff,
      0xf7, 0x9b, 0x40, 0x0a, 0x21, 0x82, 0xfd, 0xff, 0xff, 0xff, 0xff, 0xff,
      0x57, 0x55, 0xf7, 0xff, 0xff, 0xff, 0xff, 0xff, 0xff, 0xff, 0xff, 0xff,
      0xff, 0x7f, 0xff, 0xff, 0x7f, 0xff, 0xfd, 0x16, 0x8a, 0x7d, 0x04, 0x40,
      0xf7, 0xff, 0xff, 0xff, 0xff, 0xff, 0xae, 0xaa, 0xfa, 0xfe, 0xff, 0xff,
      0xff, 0xff, 0xff, 0xff, 0xff, 0xff, 0xff, 0xff, 0xbf, 0xff, 0xff, 0xff,
      0xff, 0xa5, 0xf0, 0xf7, 0x43, 0xc8, 0xdd, 0xff, 0xff, 0xff, 0xff, 0xff,
      0x5b, 0x55, 0xad, 0xff, 0xff, 0xff, 0xff, 0xff, 0xff, 0xff, 0xff, 0xff,
      0xff, 0xff, 0xff, 0xff, 0xff, 0xff, 0x5f, 0x12, 0xbf, 0xbf, 0x0f, 0xc2,
      0xf5, 0xff, 0xff, 0xff, 0xff, 0xff, 0xbf, 0xaa, 0xea, 0xfb, 0xff, 0xff,
      0xff, 0xff, 0xff, 0xff, 0xff, 0xff, 0xff, 0xff, 0xff, 0xff, 0xff, 0xbf,
      0xb7, 0xc4, 0xf6, 0xff, 0x95, 0xa0, 0xdf, 0xfe, 0xff, 0xff, 0xff, 0xff,
      0xb7, 0x12, 0x55, 0xdf, 0xff, 0xff, 0xff, 0xff, 0xff, 0xff, 0xff, 0xff,
      0xff, 0xff, 0xff, 0xdf, 0xff, 0xff, 0x2d, 0xe9, 0xff, 0xff, 0x1f, 0xe8,
      0xea, 0xff, 0xff, 0xff, 0xff, 0xff, 0xdf, 0xaa, 0xa8, 0xfa, 0xfd, 0xff,
      0xff, 0xff, 0xff, 0xff, 0xff, 0xff, 0xff, 0xff, 0xff, 0xff, 0xff, 0xef,
      0x4b, 0xb5, 0xff, 0xff, 0x2f, 0xe2, 0xb5, 0xff, 0xff, 0xff, 0xff, 0xff,
      0xbf, 0x55, 0x55, 0xb7, 0xff, 0xff, 0xff, 0x7f, 0xff, 0xff, 0xff, 0xff,
      0xff, 0xff, 0xf7, 0xfb, 0xef, 0x7d, 0x55, 0xfa, 0xff, 0xff, 0x9f, 0xd0,
      0x6b, 0xfd, 0xff, 0xff, 0xff, 0xff, 0x77, 0x55, 0xa9, 0xda, 0xff, 0xff,
      0xff, 0xff, 0xff, 0xff, 0xff, 0xff, 0xff, 0x7f, 0xff, 0xff, 0xff, 0x5f,
      0x55, 0xfd, 0xff, 0xff, 0x3f, 0xf0, 0xae, 0xf7, 0xff, 0xff, 0xff, 0xff,
      0xbf, 0x55, 0x4a, 0x75, 0xfb, 0xff, 0xff, 0xff, 0xff, 0xde, 0x7b, 0xff,
      0xff, 0xff, 0xff, 0xff, 0xff, 0xb7, 0x55, 0xff, 0xff, 0xff, 0x2f, 0xf4,
      0x75, 0xbd, 0xff, 0xff, 0xff, 0xff, 0x7f, 0x55, 0x55, 0xd5, 0xee, 0xff,
      0xff, 0xff, 0xbf, 0xff, 0xff, 0xff, 0xff, 0xf7, 0xff, 0xff, 0xff, 0x6a,
      0xab, 0xff, 0xff, 0xff, 0x1f, 0xd1, 0xad, 0xeb, 0xff, 0xff, 0xff, 0xff,
      0xef, 0xaa, 0xaa, 0xaa, 0x7b, 0xff, 0xff, 0xff, 0xff, 0xff, 0xff, 0xbf,
      0xf7, 0xfe, 0xff, 0xff, 0xbf, 0xdf, 0x56, 0xff, 0xff, 0xf7, 0x37, 0xf8,
      0x75, 0xfd, 0xff, 0xff, 0xff, 0xff, 0xbf, 0x55, 0xb5, 0xaa, 0xee, 0xff,
      0xff, 0xff, 0xff, 0xff, 0xff, 0xff, 0xff, 0xff, 0xff, 0xff, 0xed, 0xba,
      0xd5, 0xfd, 0xff, 0xff, 0x1f, 0xf2, 0xdd, 0xab, 0xfe, 0xff, 0xff, 0xff,
      0x7f, 0xad, 0x56, 0x55, 0xb5, 0xed, 0xff, 0xff, 0xff, 0xff, 0xff, 0xff,
      0xff, 0xff, 0xff, 0xff, 0xff, 0xd7, 0xaa, 0xff, 0xbf, 0xff, 0x97, 0xf8,
      0xbb, 0xde, 0xfb, 0xff, 0xff, 0xff, 0xef, 0xaa, 0xda, 0xea, 0xee, 0xff,
      0xff, 0xff, 0xff, 0xff, 0xff, 0xff, 0xff, 0xff, 0xff, 0xbd, 0x6f, 0xbf,
      0x57, 0xff, 0xff, 0xff, 0x0d, 0xf8, 0xf6, 0x6b, 0xef, 0xff, 0xff, 0xff,
      0xbf, 0x55, 0xb5, 0x5f, 0xbb, 0xda, 0xfe, 0xff, 0xff, 0xff, 0xff, 0xf7,
      0xff, 0xff, 0xff, 0xff, 0xfd, 0x7f, 0xad, 0xff, 0xff, 0xff, 0x47, 0xfa,
      0xed, 0xde, 0x7a, 0xff, 0xff, 0xff, 0x6f, 0x55, 0xd5, 0xfa, 0xf7, 0xf7,
      0xff, 0xff, 0xff, 0xff, 0xff, 0xfd, 0xff, 0xff, 0xff, 0xff, 0xff, 0xef,
      0x5a, 0xff, 0xff, 0xff, 0x05, 0xfc, 0xba, 0xb7, 0xd6, 0xff, 0xff, 0xff,
      0x7b, 0xab, 0xba, 0x6f, 0x5f, 0xdd, 0xb6, 0xef, 0xff, 0xff, 0xbf, 0xff,
      0xff, 0xff, 0xdf, 0xdf, 0xf7, 0xbb, 0xb7, 0xf6, 0xf7, 0x7f, 0x93, 0xf8,
      0xf5, 0xdf, 0x7a, 0xf7, 0xff, 0xff, 0xdf, 0x5a, 0xf5, 0xfb, 0xfb, 0xbb,
      0xff, 0xfb, 0xfb, 0xff, 0xef, 0xff, 0xff, 0xff, 0xff, 0xf7, 0xbd, 0x6f,
      0xad, 0xfd, 0xff, 0xdf, 0x00, 0xfc, 0xaa, 0xbd, 0xd5, 0xfd, 0xff, 0xff,
      0xbf, 0xb6, 0xaf, 0xff, 0xbf, 0xee, 0xea, 0xfe, 0xff, 0xff, 0xfb, 0xff,
      0xef, 0xff, 0xfb, 0xff, 0xff, 0xfe, 0x6b, 0x6d, 0xff, 0x7b, 0x25, 0xfd,
      0x75, 0x77, 0x55, 0xef, 0xfe, 0xff, 0x75, 0x6d, 0xf9, 0xff, 0xff, 0xb7,
      0xbf, 0xff, 0xfe, 0xff, 0xfe, 0xff, 0xff, 0xff, 0xff, 0xff, 0xbf, 0xab,
      0x5e, 0xf5, 0x7f, 0x2f, 0x00, 0xfc, 0xca, 0xdd, 0xaa, 0xba, 0xff, 0x7f,
      0xdf, 0xdb, 0xee, 0xfe, 0xef, 0x7d, 0xf5, 0xbb, 0x7f, 0xef, 0xff, 0xff,
      0xff, 0x7b, 0xff, 0xfd, 0xee, 0xff, 0xb5, 0x95, 0xea, 0x05, 0x49, 0xfa,
      0xaa, 0x6e, 0x55, 0xf5, 0xdb, 0xee, 0x37, 0xb5, 0xb5, 0xbf, 0xfb, 0xef,
      0xaf, 0xee, 0xdf, 0xff, 0xff, 0xff, 0xff, 0xff, 0xff, 0xff, 0xff, 0x7f,
      0x6f, 0x55, 0x2d, 0x29, 0x00, 0xfc, 0x52, 0xdb, 0xaa, 0x56, 0xff, 0xff,
      0xee, 0x6e, 0xff, 0xfb, 0x7f, 0xbb, 0xfa, 0xff, 0xfb, 0xff, 0xff, 0xff,
      0xff, 0xff, 0xff, 0xff, 0xff, 0xff, 0xbf, 0xad, 0x52, 0x42, 0x95, 0xfe,
      0xaa, 0xaa, 0xaa, 0xaa, 0xaa, 0xb5, 0x55, 0xdb, 0xaa, 0x6f, 0xdf, 0xef,
      0xb7, 0xb5, 0xff, 0xfb, 0xff, 0xff, 0xfd, 0xff, 0xff, 0xff, 0xff, 0xff,
      0xff, 0xab, 0x8a, 0x08, 0x00, 0xfc, 0x55, 0xb5, 0xaa, 0xda, 0x7d, 0xdf,
      0xdb, 0xb6, 0xfd, 0xfa, 0xf5, 0xbe, 0xde, 0xff, 0xee, 0xbe, 0xff, 0x7f,
      0xbf, 0xff, 0xff, 0xdf, 0xff, 0xff, 0xff, 0x5e, 0x55, 0x52, 0x22, 0xfd };
};